ID,Experimental (Koc),BalabanJ,AMID,ATSC2s,nAromAtom,ATSC0pe,ETA_shape_x,fMF,FilterItLogS,ATS8se,ATSC0dv,nBondsD,NddsN,SMR,TIC1,NdO,nP,TpiPC10,SLogP,BCUTs-1h,ATSC1are,EState_VSA7,NdS,ATS5s,nG12FRing,piPC8,ZMIC1
2,1,1.4872,2.1649,-1.3958,20,0.9187,0,0.625,-6.4466,183.9558,91.5,0,0,87.652,49.9609,0,0,10.6038,5.7372,2.2735,0.0506,0,0,184.5556,1,8.6992,68.5737
3,1,1.86,1.9845,30.2621,12,5.0707,0,0.4828,-4.6462,303.4606,126.9655,2,1,79.1764,103.8619,2,0,7.8438,3.8595,8.0019,0.2982,0,0,238.5514,0,5.8095,46.2398
5,1,1.3463,2.1471,-1.5576,22,1.0481,0,0.6111,-6.9782,328.494,101.8889,0,0,96.466,55.5114,0,0,10.4896,6.2994,2.2791,0.0544,0,0,196.6667,1,8.5814,75.0749
6,1,1.6116,2.0694,7.2778,12,2.2897,0,0.4333,-4.5217,198.43,103.8667,1,0,68.9877,92.2941,1,0,8.5383,3.2162,7.0083,-0.0704,6.0664,0,160.7778,1,6.8786,38.9524
7,0,2.2284,1.9476,9.9028,6,1.8181,0,0.375,-1.182,0,58,1,0,34.9599,38.7807,1,0,5.6901,0.7855,7.0083,-0.3042,6.0664,0,59.6667,0,0,25.8539
10,1,2.4178,1.9452,38.399,6,6.0435,0.1124,0.1875,-2.8188,444.8272,166.7654,2,1,71.2614,104.7807,1,1,6.932,3.2711,8.0019,-0.2303,0,1,200.8652,0,5.247,37.3065
12,1,1.9577,1.9999,7.7431,12,3.353,0,0.35,-4.2285,517.1434,125.6,1,0,83.6096,117.6578,0,0,8.079,4.8286,6.0039,-0.39,24.2655,0,247.5556,0,6.2996,47.8611
13,0,2.3238,1.683,25.3403,0,1.7347,0,0,1.0637,0,38,1,0,13.7708,14,1,0,2.6391,-0.9762,7.0083,-0.9657,0,0,0,0,0,14.25
15,1,1.5785,2.071,10.1451,6,3.5715,0.0938,0.3696,-3.5877,437.1938,133.4783,0,0,86.5066,151.9058,0,0,8.0591,3.6126,6.0037,-0.3356,12.1327,0,363.4306,1,6.2032,38.2872
16,1,1.6213,2.1012,0.3992,18,1.0889,0,0.5,-6.6888,280.0101,106.2222,0,0,88.434,84.6592,0,0,10.0447,5.763,2.2738,0.0533,0,0,231.7778,1,8.2161,59.5879
17,1,2.7603,1.9081,-0.2308,0,2.8324,0,0.3333,-3.8533,0,29.0864,0,0,57.846,28.5293,0,0,4.9345,3.6444,1.5913,0,0,0,16.5066,0,0,76.0782
18,1,2.6254,1.9148,-0.5981,6,1.9934,0,0.4615,-4.1425,0,41.9658,0,0,48.1468,32.1057,0,0,6.0225,4.0058,6.0028,-0.4323,0,0,15.243,0,0,54.3978
21,0,2.3238,1.683,16.2016,0,1.6295,0,0,0.3209,0,40.2222,1,0,14.8684,21.7744,1,0,2.6391,-0.5084,7.0083,-0.3509,0,0,0,0,0,12.0591
22,1,1.7581,2.0646,-1.5021,0,3.8913,0.1413,0.4815,-5.1203,0,82.5514,1,0,77.575,80.382,0,0,7.8399,4.4814,3.5097,-0.0196,0,0,100.2865,1,6.0707,64.6998
23,0,2.1841,1.9292,3.1067,5,1.419,0,0.5,-0.2421,0,42.4,0,0,20.7951,28.4644,0,0,4.536,-0.6131,4.0053,-0.5575,0,0,2,0,0,15.1832
25,0,2.3238,1.683,4.3145,0,0.9521,0,0,0.8147,0,20.2222,1,0,20.9728,14,0,0,2.6391,-0.8113,4.0114,-0.65,0,1,0,0,0,17.25
27,0,1.9109,2.0257,12.7474,10,3.0758,0,0.3846,-3.1466,178.2859,103.8462,1,0,59.0317,76.1536,1,0,8.0195,2.558,7.0083,-0.1101,36.3982,0,144.8333,0,6.3814,37.0614
29,0,1.633,1.6381,-2.6636,0,1.3644,0,0,0.1292,0,22.8889,0,0,12.7598,16.9197,0,0,1.9459,-0.0014,6.0027,-0.219,0,0,0,0,0,9.752
30,0,2.3238,1.683,23.8472,0,2.0562,0,0,0.5337,0,46,1,0,13.3098,19.2451,1,0,2.6391,0.0909,7.0083,-0.41,0,0,0,0,0,12.4669
32,0,1,1.5,-9,0,1.2388,0,0,0.6024,0,20,0,0,8.1428,10.7549,0,0,1.3863,-0.3915,6.003,-0.2678,0,0,0,0,0,7.9624
33,0,2.3238,1.683,-0.0435,0,0.8007,0,0,-1.7263,0,5.1259,0,0,21.347,6.8548,0,0,2.3979,1.9864,1.5312,-0.019,0,0,0,0,0,25.8018
34,0,1.9747,1.7178,-3.9514,0,1.4681,0,0,-0.3272,0,25.6667,0,0,17.3768,23.3681,0,0,2.3979,0.3887,6.0027,-0.1969,6.9237,0,3,0,0,11.2414
35,0,2.1906,1.77,-3.5,0,1.563,0,0,-0.7724,0,28.4,0,0,21.9938,28.074,0,0,2.7726,0.7788,6.0027,-0.1844,0,0,28,0,0,14.1003
36,0,2.3391,1.8065,-3.2654,0,1.6534,0,0,-1.2096,0,31.1111,0,0,26.6108,32.25,0,0,3.091,1.1689,6.0027,-0.1764,0,0,46,0,0,17.3959
38,1,1.7581,2.0646,-1.5021,0,3.8913,0.1413,0.4815,-5.1203,0,82.5514,1,0,77.575,80.382,0,0,7.8399,4.4814,3.5097,-0.0196,0,0,100.2865,1,6.0707,64.6998
39,1,1.9914,1.9909,-2.2223,12,4.4633,0.0463,0.3611,-5.8673,354.0436,125.3951,0,0,88.121,105.7109,0,0,7.8918,5.2059,3.5148,0.0856,48.5309,0,189.1667,0,6.1349,59.2251
40,1,1.9487,1.9996,-1.0788,12,2.4634,0,0.5,-6.2374,137.0831,69.9449,1,0,80.632,59.4565,0,0,7.8257,6.1879,2.243,0.0017,24.2655,0,113.2263,0,6.0187,68.5218
42,0,1.633,1.6381,-0.0341,0,0.9351,0,0,-1.4081,0,2.6815,0,0,16.573,7.6096,0,0,1.9459,1.4215,1.5968,-0.0001,0,0,0,0,0,21.8221
43,0,2.3238,1.683,0.0179,0,0.4719,0,0,-2.4896,0,6.3473,0,0,30.569,6.8548,0,0,2.3979,2.4547,1.4326,-0.0071,0,0,0,0,0,49.6795
44,0,2.3238,1.683,-0.0451,0,0.7071,0,0,-2.0032,0,5.6406,0,0,24.421,9.6096,0,0,2.3979,2.1425,1.5097,-0.0144,0,0,0,0,0,37.4824
45,0,2.3238,1.683,0.0422,0,1.2302,0,0,-1.4666,0,7.3519,0,0,21.168,14,0,0,2.3979,1.81,2.0187,-0.0046,0,0,0,0,0,23.5
46,1,3.0237,1.7,38.2689,0,2.4885,0.5283,0,-0.2198,0,48.5469,1,0,20.3873,25.5098,1,0,2.9957,0.111,7.0066,-0.8978,0,0,0,0,0,23.1073
47,0,3.5412,1.7562,20.8364,0,2.5857,0.1391,0,-0.897,0,52.9697,1,0,27.7468,31.2989,1,0,3.5553,1.2648,7.0083,-0.4503,0,0,3,0,0,27.7447
51,0,2.5099,1.9156,6.5764,0,1.8371,0.1034,0.25,-2.308,0,71.3333,2,0,41.779,57.9334,1,0,5.0814,2.3218,7.0083,0,6.9237,0,125.5,0,0,20.849
52,0,2.5395,1.7394,-0.0755,0,1.4078,0,0,-2.1474,0,8.0926,0,0,26.214,14.4902,0,0,2.7726,2.0289,1.6048,-0.0001,0,0,0,0,0,33.1545
54,0,2.5395,1.7394,11.2756,0,1.631,0,0,0.2261,0,41.6,2,0,19.3914,26.4644,1,0,3.2189,-0.3423,7.0083,-0.35,0,0,4,0,0,13.4544
55,1,2.1036,1.9647,3.2957,12,3.7082,0.037,0.3939,-7.16,271.4582,119.3743,0,0,99.1416,108.9552,0,0,8.0924,6.4737,6.0039,-0.5608,24.2655,0,176.284,0,6.0668,87.6877
56,1,1.9276,1.9926,8.3256,12,3.102,0.0612,0.3939,-3.3839,249.9972,108.9697,0,0,68.3416,92.9552,0,0,7.6585,3.4237,6.0039,-0.4231,24.2655,0,187.8889,0,5.6684,44.5906
57,1,1.7782,2.0355,9.3948,16,5.0217,0,0.4359,-4.9654,506.1835,159.0769,2,0,87.7318,127.5623,2,0,8.9726,3.6096,7.0094,-0.2581,30.3318,0,400.3889,0,7.2265,49.2218
59,1,1.8447,2.1218,-0.2498,10,0.6682,0,0.5455,-3.6995,0,60.3636,0,0,51.356,53.0879,0,0,8.2518,2.9384,2.2575,0.0372,0,0,70.3333,1,6.6313,34.5816
61,0,2.5508,1.9529,16.0617,6,4.8235,0,0.2,-2.7618,321.6421,141.8667,2,0,58.355,85.9874,2,0,6.8045,2.04,7.0094,0.0133,0,0,299.9167,0,4.607,36.9723
62,1,2.5143,1.9457,21.5084,6,5.4553,0,0.1429,-3.6237,667.885,170.2857,2,0,76.683,115.4187,2,0,7.0301,3.3122,7.0094,0.1238,27.6949,0,349.6944,0,4.978,42.9626
64,1,2.3093,1.9686,22.458,6,5.9515,0,0.1111,-5.963,729.4121,184.5926,2,0,95.291,136.5525,2,0,7.0878,5.1608,7.0094,0.1852,0,0,404.0833,0,4.9883,54.6669
65,1,1.7402,2.1081,-1.6343,14,0.7146,0,0.5833,-4.2324,41.1091,65.8333,0,0,61.454,35.6005,0,0,9.0076,3.993,2.2787,0.0312,0,0,97.6667,1,7.3048,47.1784
66,1,1.7402,2.1081,-1.6499,14,1.035,0,0.6087,-4.0119,34.3907,69.8261,0,0,59.249,46.7577,0,0,9.0076,3.388,3.0392,0.0699,12.2632,0,97,1,7.3048,40.8402
68,0,2.0721,2.0267,10.9586,6,2.7588,0,0.6,-1.8404,0,66.9333,2,0,36.188,36.6034,2,0,6.8063,0.9972,7.0094,-0.1056,0,0,67.3333,0,4.9611,31.8252
69,1,1.7811,2.0055,14.883,12,5.3432,0,0.3488,-4.9198,593.5342,173.1628,2,0,87.194,128.217,2,0,7.5616,4.0005,7.0094,0.0952,37.2556,0,368.5278,0,5.4972,52.3147
72,1,1.7616,2.1117,-1.3559,12,0.6924,0,0.5652,-3.9668,20.1554,63.3043,0,0,54.684,50.0419,0,0,8.1661,3.2578,2.2689,0.034,0,0,80,1,6.5286,38.8227
73,0,1.9404,2.0276,9.8422,10,2.1357,0,0.4,-3.0084,72.2961,83.84,1,0,56.8464,70.7934,1,0,7.9744,1.8676,7.0083,-0.2583,42.4646,0,152.1667,0,6.3466,35.9908
74,0,1.9404,2.0276,18.951,10,2.6859,0,0.4167,-2.7928,46.2154,87.8333,1,0,55.2878,66.7361,1,0,7.9744,2.4669,7.0083,-0.2566,42.4646,0,161.8333,0,6.3466,36.2738
75,1,2.4133,1.9314,-0.8252,6,1.4331,0,0.5,-3.7903,0,31.4444,0,0,41.472,24,0,0,5.6199,3.6468,2.2389,0,0,0,4.037,0,0,45
78,0,2.7383,1.9188,90.1526,6,7.2076,0.0868,0.3333,-2.2681,0,107.1111,1,1,39.7632,60.794,1,0,6.5674,2.3192,8.0079,-0.0124,0,0,647.1667,0,3.8408,33.6528
79,0,2.5409,1.9369,32.834,6,3.785,0,0.3333,-0.5314,0,83.1111,2,0,40.3606,49.0587,2,0,6.4162,1.083,7.0094,-0.8444,0,0,290.6667,0,3.8408,33.9302
81,1,1.9932,2.0462,-0.0431,10,0.6417,0,0.4762,-3.3747,0,56.9524,0,0,48.685,46.1808,0,0,7.6495,3.1482,2.2727,0.0204,0,0,68.6667,0,6.0187,33.4777
82,0,1.7691,1.9919,2.0347,12,3.0644,0,0.325,-3.8749,390.4729,139.6,1,0,84.9705,107.8576,1,0,7.9308,3.0496,7.0083,0.2293,86.5214,0,223.5556,0,5.915,50.3056
85,1,1.9254,2.0658,-1.3416,10,0.5444,0,0.5556,-2.8219,0,47.1111,0,0,43.948,25.0587,0,0,7.4542,2.8398,2.2828,0.0178,0,0,40,0,5.8856,33.3447
86,1,1.9254,2.0658,-1.3868,10,0.8716,0,0.5882,-2.6021,0,52,0,0,41.743,34.3256,0,0,7.4542,2.2348,3.0392,0.0594,30.4623,0,36,0,5.8856,28.7913
87,1,1.9323,2.0463,0.6236,10,0.6417,0,0.4762,-3.3747,20.1554,56.9524,0,0,48.685,46.1808,0,0,7.6427,3.1482,2.2714,0.0204,0,0,57.6667,0,6.0595,33.4777
88,1,1.8304,2.0098,-0.1713,11,2.3319,0,0.3514,-3.4161,488.3074,109.4775,0,0,78.16,114.4691,0,0,7.2091,2.7113,3.0391,0.3174,18.3296,0,168.5093,0,5.3101,36.1039
89,1,1.8844,2.0007,1.6565,12,2.3844,0,0.4615,-4.5251,166.9862,74.7578,0,0,70.7228,73.1919,0,0,8.0092,3.8248,4.0064,-0.5766,12.1327,0,96.9012,0,6.1883,46.0762
92,1,1.7803,2.0222,2.7968,12,1.5514,0,0.4615,-2.9857,161.3456,72.6154,0,0,60.7028,60.2114,0,0,7.7585,2.518,4.0064,-0.4593,48.5309,0,97.3333,0,5.9013,41.7784
93,1,1.767,2.0208,1.0069,12,1.8563,0,0.4444,-3.8916,153.3625,89.4074,1,0,61.8825,61.8135,1,0,7.872,3.5562,7.0083,0.0093,42.4646,0,126.1111,0,6.0187,44.2028
94,0,2.2395,1.9527,4.364,6,2.5064,0,0.3333,-1.6855,20.1554,78,1,0,37.7815,47.0845,1,0,5.8333,1.4732,7.0083,0.0222,6.0664,0,69.6667,0,2.7842,27.1356
95,0,2.3713,1.9335,21.6596,6,4.0829,0,0.24,-2.5035,93.1269,108.2963,1,0,53.9148,86.9351,1,0,6.4567,2.5003,7.0083,-0.3024,6.9237,0,125.6358,0,4.4953,26.9113
96,0,3.6616,1.8633,-0.926,0,2.6619,0,0,-1.8838,26.8739,71.6994,3,0,47.694,67.0224,1,0,4.6052,1.4258,7.0083,0.0788,0,0,139.4321,0,0,25.7527
97,0,2.3685,1.9347,15.8778,6,3.7071,0,0.3158,-3.4661,48.2386,82.8967,1,0,54.6028,65.2008,1,0,6.5145,3.1102,7.0083,-0.5621,0,0,84.9178,0,4.3754,44.0962
98,0,2.205,1.957,7.5679,6,2.6683,0,0.2857,-2.1026,82.2182,85.2381,1,0,42.3985,57.4097,1,0,5.9612,1.8633,7.0083,0.0476,18.1991,0,96.6667,0,3.27,28.0843
101,0,2.2539,1.9418,18.9134,6,3.8501,0,0.2727,-2.4705,66.1053,98.3502,1,0,49.3198,76.9881,1,0,6.3519,2.1118,7.0083,-0.3573,6.9237,0,105.7469,0,4.3095,26.4711
102,0,2.2539,1.9418,15.2832,6,3.6869,0,0.3158,-2.7018,45.9499,83.9831,1,0,49.5928,65.2008,1,0,6.3519,2.4568,7.0083,-0.4958,0,0,85.1564,0,4.3095,34.8541
103,1,2.1011,1.9498,22.3001,6,4.2833,0,0.2143,-3.2825,245.4862,113.1111,1,0,58.5538,96.5668,1,0,6.4385,2.892,7.0083,-0.2593,12.9901,0,149.1914,0,4.1806,27.4394
104,0,1.9698,2.0621,-1.1368,9,1.3272,0,0.6429,-1.8823,0,51.4286,0,0,33.8887,33.303,0,0,6.9515,0.9579,3.095,0.4448,24.2655,0,18,0,5.6452,27.0618
105,1,1.9698,2.0621,-1.319,9,0.4502,0,0.6,-2.4005,0,39.037,0,0,41.825,31.4839,0,0,6.9515,2.9013,2.2661,0.0079,0,0,17.6481,0,5.6452,27.8779
108,1,2.2794,1.9417,-0.4574,6,1.7719,0,0.4615,-1.7935,0,42.49,0,0,33.1168,32.1057,0,0,5.3841,2.0456,6.0028,-0.2869,0,0,12.3457,0,0,25.4666
114,0,2.4607,1.9233,90.1729,6,6.6873,0.1051,0.3529,-2.308,0,104.4706,0,0,35.8564,46.732,0,0,5.9101,2.2876,8.0074,-0.5814,0,0,182.75,0,0,32.4138
117,0,2.3198,1.9386,29.3194,6,2.7722,0,0.375,-1.4108,0,78,1,1,37.5088,44,1,0,5.9047,1.177,8.0019,0.607,0,0,121,0,0,26.75
118,0,2.6408,1.9301,59.4063,6,4.4488,0,0.3158,-1.3385,0,96.1053,3,2,46.7101,63.2008,3,0,6.8951,1.2012,8.003,0.9546,0,0,239.6667,0,4.925,35.143
119,1,2.3956,1.9305,28.2093,6,2.5107,0,0.4286,-3.1852,0,65.4497,1,1,43.1164,39.7932,1,0,6.0967,2.9016,8.0019,0.9503,0,0,64.7737,0,0,36.3358
121,0,2.2599,1.9386,17.9844,6,3.091,0,0.375,-0.5614,6.7185,70,1,0,35.0661,44,1,0,5.8985,1.0904,7.0083,-0.75,0,0,69.3333,0,0,27.25
122,0,2.2599,1.9386,29.2083,6,2.7722,0,0.375,-1.4108,0,78,1,1,37.5088,44,1,0,5.8985,1.177,8.0019,0.607,0,0,71,0,0,26.75
124,1,2.125,1.9616,-1.625,6,0.49,0,0.375,-2.0138,0,38,1,0,36.533,24.4902,0,0,5.5269,2.3296,3.0427,0,36.4079,0,32,0,0,26.103
125,0,2.125,1.9616,-6.887,6,1.5441,0,0.375,-1.4039,0,47.75,0,0,32.3648,38.7807,0,0,5.3462,1.1789,6.0027,-0.2125,30.3318,0,41.5,0,0,24.3539
126,0,2.125,1.9616,-2.7745,6,0.9555,0,0.5,-1.4329,0,43,0,0,28.952,33.0196,0,0,5.68,0.9533,6.0273,0.0029,6.0692,0,21.5,0,0,18.6356
127,0,2.125,1.9616,-1.8966,6,1.5441,0,0.375,-1.7017,0,55.75,0,0,32.994,36.0258,0,0,5.3462,1.6952,3.5135,0.0875,30.3318,0,31.5,0,0,24.7124
128,1,1.8295,2.0096,3.7334,12,2.491,0,0.619,-5.0904,94.6772,73.3651,0,0,64.5817,64.7289,0,0,7.6399,3.5754,3.0675,-0.4041,12.1327,0,80.9856,0,5.7441,50.9497
129,1,2.2135,1.9442,18.9629,6,3.5994,0,0.2308,-2.9787,244.3951,103.0047,1,0,56.6917,84.5599,1,0,6.3703,3.2969,7.0083,-0.1134,0,0,151.6008,0,4.4984,30.3673
131,1,1.6848,2.0321,0.7333,12,1.9139,0,0.5652,-4.1498,124.9231,76.0063,0,0,60.658,44.9833,0,0,7.4141,4.2414,3.5111,0.0675,54.5973,0,72.0046,0,5.5576,46.684
132,1,1.667,2.0014,1.5247,12,2.0738,0,0.3171,-4.3343,438.062,117.5122,0,0,84.344,104.3567,0,0,7.8381,3.4094,2.2493,0.3214,0,0,186.2222,0,5.915,49.8943
135,0,2.1067,1.9608,13.9202,6,3.0633,0,0.2609,-2.1646,153.0191,93.3043,1,0,47.0867,69.213,1,0,6.0768,2.255,7.0083,-0.1031,18.1991,0,123.3333,0,4.1501,28.5851
136,1,1.5987,2.0421,-0.6373,12,1.4406,0,0.5833,-3.4964,197.7919,76,1,0,57.06,39.6005,0,0,7.6482,4.102,3.2069,0.4193,60.6637,0,70,0,5.7195,44.6059
138,1,2.0779,1.9667,-0.1436,6,0.63,0,0.2857,-2.7876,20.1554,42.5714,0,0,40.437,49.3679,0,0,5.5349,2.6391,2.2785,0,0,0,53.5,0,2.7842,25.9713
140,0,2.1313,1.9535,6.6094,6,1.9698,0,0.3158,-1.9957,20.1554,69.1579,1,0,40.7457,52.7365,1,0,5.8333,1.645,7.0083,-0.1032,30.3318,0,81.1667,0,3.8408,26.6024
142,0,2.2243,1.9423,35.8301,6,3.8021,0,0.2857,-2.1855,71.6077,109.2381,2,1,47.4001,69.4838,2,0,6.472,1.5532,8.0019,0.7801,0,0,136.9444,0,4.6757,28.5062
145,1,2.9726,1.8775,11.8134,0,3.0847,0,0,-2.7594,203.1514,82.9655,1,0,45.392,55.8228,1,0,4.3438,2.5199,7.0083,0.1035,6.9237,0,118.8333,0,1.0986,26.0365
146,1,2.9741,1.8877,11.9618,0,3.1827,0,0,-3.1723,265.9405,86,1,0,50.009,59.9518,1,0,4.4998,2.91,7.0083,0.1094,6.9237,0,131.0833,0,1.7918,29.3419
148,0,2.1924,1.9416,1.6955,6,0.5444,0,0.3333,-2.4967,0,43.1111,0,0,35.916,39.5489,0,0,5.3733,2.3034,2.2406,0,0,0,28,0,0,25.1248
149,1,2.1924,1.9416,3.7101,6,1.5441,0,0.375,-1.5377,0,51.75,0,0,32.8438,43.2451,0,0,5.3733,1.7006,6.0028,-0.2125,19.0565,0,28.6667,0,0,22.1085
151,0,2.1924,1.9416,2.8704,6,0.9264,0,0.3529,-1.7522,0,44.1176,0,0,35.5914,46.732,0,0,5.3733,1.5772,4.0052,-0.1992,31.1892,0,28.3333,0,0,21.815
152,0,1.9989,1.8298,-1.9442,0,1.7705,0,0.3,-0.8686,0,34.6222,0,0,20.46,21.6096,0,0,3.1355,0.624,3.5101,0.017,0,0,0,0,0,16.7843
153,0,1.9747,1.7178,-0.1744,0,0.7842,0,0,-2.3953,0,5.5823,0,0,27.588,12,0,0,2.3979,1.7762,1.6221,-0.0081,0,0,0,0,0,43
154,0,2.2306,1.9416,1.8066,6,0.5444,0,0.3333,-2.4967,0,43.1111,0,0,35.916,39.5489,0,0,5.3759,2.3034,2.2499,0,0,0,35,0,0,25.1248
159,0,3.1513,1.8323,9.623,0,3.7348,0,0,-0.8896,60.4662,97.1429,1,0,33.104,49.2191,1,0,3.989,0.5844,7.0083,0.0563,0,0,118.8333,0,0,18.0856
160,1,2.3409,1.9313,6.2779,6,1.6586,0,0.3158,-2.0958,0,60.7368,0,0,37.5808,51.6911,0,0,5.607,2.009,6.0028,-0.1947,19.9138,0,76,0,0,23.5396
161,1,2.3409,1.9313,-0.142,6,1.4331,0,0.5,-3.7903,0,31.4444,0,0,41.472,24,0,0,5.607,3.6468,2.1837,0,0,0,4.037,0,0,45
162,1,2.1229,1.9538,-1.3188,6,0.631,0,0.5,-2.4783,0,30.1573,0,0,34.142,19.8003,0,0,5.1195,2.4491,2.2783,0,30.3318,0,3.0648,0,0,30.6679
163,0,2.1229,1.9538,-1.1598,6,0.8763,0,0.5,-2.1965,0,29.0082,0,0,31.452,19.8003,0,0,5.1195,2.34,2.2784,0,30.3318,0,3.3457,0,0,25.2904
164,0,2.1229,1.9538,0.7745,6,1.4145,0,0.4615,-0.9752,0,41.6923,0,0,28.1068,24.8864,0,0,5.1195,1.3922,6.0028,-0.2385,6.0664,0,12,0,0,22.8266
165,0,2.1906,1.77,-0.4306,0,1.0138,0,0,-2.0045,0,9.284,0,0,25.628,22.7736,0,0,2.7726,2.0253,2.0241,-0.0287,0,0,10.037,0,0,16.3873
166,0,2,1.9688,-2.0661,6,0.7083,0,0.5455,-1.1457,0,33.6364,0,0,24.237,21.6892,0,0,4.8338,1.0816,3.0442,0.0482,18.1991,0,2,0,0,17.7626
167,0,2.4475,1.8334,-3.1406,0,1.7414,0,0,-1.6405,20.1554,33.8095,0,0,31.2278,36.1329,0,0,3.3673,1.559,6.0027,-0.1708,0,0,56,0,0,20.8966
170,0,2.5301,1.8539,-3.0781,0,1.8278,0,0,-2.0665,89.2788,36.5,0,0,35.8448,39.8261,0,0,3.6109,1.9491,6.0027,-0.1667,0,0,68.25,0,0,24.5127
171,0,2.5301,1.8539,-7,0,2.8567,0,0,-1.4049,89.2788,60,0,0,32.8128,43.2469,0,0,3.6109,0.7954,6.0027,-0.11,0,0,64.25,0,0,21.322
177,1,2.1089,2.0075,22.4809,0,4.6189,0.1413,0.48,-4.9563,0,104.2963,2,0,77.3634,80.5866,1,0,7.1861,3.6898,7.0067,-0.3835,0,0,122.915,1,5.2311,65.8704
178,1,2.4178,1.9452,13.8244,6,5.1756,0.1053,0.1714,-3.2089,453.7616,144.2765,2,0,76.9394,109.4192,1,1,6.932,3.1003,7.0067,-1.2796,13.8475,1,192.5442,0,5.247,38.222
180,1,2.7557,1.9164,29.4785,6,2.0774,0,0.4286,-4.7204,0,59.6649,1,1,53.1364,37.303,1,0,6.4611,4.2084,8.0019,0.8477,0,0,75.6587,0,3.8408,57.298
181,1,2.2102,1.9731,23.8971,6,6.386,0,0.0909,-7.5413,993.7559,200.1212,2,0,113.759,154.9367,2,0,7.1335,6.7212,7.0094,0.2242,0,0,453.0833,0,5.0152,68.049
182,1,2.7603,1.9081,-0.1545,6,1.1163,0,0.5,-6.0891,0,31.1481,0,0,56.502,12,0,0,6.202,5.607,1.9903,0,0,0,5.4326,0,0,69
184,1,1.3577,2.1154,-0.5694,20,1.6262,0,0.625,-5.7082,289.7073,100.875,0,0,82.48,65.9609,0,0,9.4739,4.45,3.0368,0.1054,48.5309,0,144.4444,0,7.6262,57.0737
185,1,1.6825,2.1079,-0.9676,14,0.7146,0,0.5833,-4.2324,68.7813,65.8333,0,0,61.454,35.6005,0,0,9.0206,3.993,2.2783,0.0312,0,0,85.6667,1,7.3387,47.1784
186,0,2.3713,1.9335,18.8861,6,4.0465,0,0.2727,-2.7325,72.9715,96.413,1,0,54.1878,76.5977,1,0,6.4567,2.8453,7.0083,-0.4145,0,0,104.8909,0,4.4953,34.4192
188,1,2.3462,1.9313,-0.5947,6,1.4331,0,0.5,-3.7903,0,31.4444,0,0,41.472,24,0,0,5.6114,3.6468,2.2102,0,0,0,4.1565,0,0,45
190,0,4.6541,1.8903,10.5602,0,7.1433,0.1034,0,-1.8567,552.9767,182.937,3,0,77.565,104.7106,2,1,5.5134,2.1218,7.0094,-0.8093,0,1,355.0864,0,2.3979,39.1113
193,0,2.3297,1.9568,11.2988,6,2.9906,0,0.24,-3.589,145.9015,95.7896,0,0,53.1644,68.1222,0,0,6.2772,1.3886,3.0677,-0.275,13.8475,0,96.8951,0,4.0765,32.4269
194,1,1.6872,2.0455,-0.6127,12,1.1172,0,0.5417,-3.4455,118.2293,64.5,0,0,56.1667,41.6005,0,0,7.2721,3.4302,2.5268,-0.0284,60.6637,0,78.3333,0,5.4329,41.9518
197,0,2.968,1.8653,11.5965,0,2.983,0,0,-2.3439,145.9015,79.8462,1,0,40.775,51.4565,1,0,4.1744,2.1298,7.0083,0.0961,6.9237,0,106.6667,0,0.6931,22.9298
200,0,2.9935,1.7539,-0.0687,0,0.4961,0,0,-2.4259,0,13.8436,1,0,30.438,5.5098,0,0,3.434,3.0682,1.9105,-0.0484,0,0,0,0,0,32.8582
201,0,3.6233,1.7844,9.1448,0,5.3104,0.0582,0,-1.3043,0,59.5152,1,0,31.957,31.2989,1,0,3.7842,0.8069,7.0083,-1.5151,0,0,3.1481,0,0,30.8896
203,0,2.5812,1.9461,8.5305,6,4.3933,0,0.25,-1.9482,83.0166,124.5,2,0,49.121,68.5293,2,0,6.6555,1.2598,7.0094,-0.0833,0,0,247.25,0,4.343,35.3779
205,1,1.6043,2.0446,20.8027,16,4.1537,0,0.5143,-4.2921,413.234,131.8857,2,0,85.3025,93.4174,2,0,8.5839,3.7903,7.0094,-0.4506,36.3982,0,382,0,6.7792,57.8982
206,0,2.0872,1.9865,3.1843,0,3.8478,0.0585,0.375,-2.2794,54.0432,95.2593,3,0,65.088,77.7744,2,0,6.4329,2.9135,7.0094,-0.0816,12.152,0,162.0525,0,4.5218,47.3825
207,1,2.0872,1.9865,2.7794,6,3.0589,0.0585,0.45,-3.455,54.0432,80.0593,2,0,64.823,59.6837,2,0,7.2895,3.2585,7.0094,-0.1452,0,0,143.1975,0,5.5289,53.4951
211,0,2.405,1.9405,16.6694,6,3.3245,0,0.1935,-3.6532,231.3842,110.0048,0,0,62.3544,79.5222,0,0,6.5327,2.1656,3.0677,-0.1335,27.6949,0,137.2798,0,4.7563,37.1267
213,0,4.0678,1.8599,37.7701,0,6.2566,0.1415,0,-0.4381,307.1432,165.5675,3,0,55.1605,88.9767,2,1,5.3936,1.3959,7.0088,-1.7901,0,0,185.1389,0,2.1972,29.1525
214,0,2.6476,1.8829,-3.0556,0,1.9977,0,0,-2.9068,215.1885,41.8667,0,0,45.0788,46.8446,0,0,4.0254,2.7293,6.0027,-0.1611,0,0,92.75,0,1.0986,31.9398
216,0,2.1494,1.991,42.4978,0,5.1463,0,0.3043,0.8927,0,116.4348,2,0,40.1466,66.0419,2,0,5.7652,-0.0508,7.0094,-0.8533,0,0,316.6667,0,3.3322,30.9374
218,0,1.9746,2.0434,-2.0584,9,0.7584,0,0.6,-2.4673,0,48.8609,0,0,46.872,42.6034,0,0,7.1652,2.585,3.0338,0.0544,24.2655,0,19.463,0,5.8615,29.3448
220,0,2.2197,1.9401,7.5259,6,2.9137,0,0.25,-2.5238,142.4121,90.8807,1,0,54.1577,76.5293,1,0,6.2623,2.4335,7.0083,-0.0921,0,0,101.142,0,4.3859,29.7284
221,0,2.25,1.75,-1.6406,0,0.6542,0,0.375,-0.2434,0,16,0,0,12.8697,14,0,0,2.3026,-0.4104,2.5217,-0.0385,0,0,0,0,0,11
223,1,1.4749,2.1922,-1.5309,22,0.9512,0,0.6471,-7.2747,221.3775,98.1176,0,0,96.344,53.7154,0,0,11.1247,6.3282,2.2664,0.0561,0,0,225.1111,1,9.1573,75.7012
224,1,1.4285,2.1888,-1.5309,22,0.9512,0,0.6471,-7.2747,254.7567,98.1176,0,0,94.576,53.7154,0,0,10.8118,6.2314,2.2691,0.0561,0,0,207.5556,1,8.8866,75.7012
225,1,1.4522,2.1517,-1.307,21,1.3478,0,0.6176,-6.4949,317.6416,99.5294,0,0,90.8167,69.4249,0,0,10.4902,5.6275,2.5562,-0.021,0,0,194.4444,1,8.633,64.5253
226,1,1.4531,2.1612,-1.3958,20,0.9187,0,0.625,-6.4466,242.1418,91.5,0,0,85.884,49.9609,0,0,10.1352,5.6404,2.2733,0.0506,0,0,165.5556,1,8.2995,68.5737
228,1,1.5122,2.1318,-0.7898,18,1.1983,0,0.6207,-5.3939,191.0734,87.4483,0,0,76.755,56.774,0,0,9.9178,4.5412,3.0341,0.0802,6.0664,0,137.4444,1,8.1038,53.491
231,1,3.7642,1.8784,2.3875,0,3.1419,0.1304,0,-2.5877,271.6476,70.8724,1,0,68.127,68.965,0,1,4.6444,3.7277,3.5124,-0.7731,25.6094,1,86.2469,0,1.0986,33.4334
232,1,3.7094,1.887,1.6666,0,3.2434,0.1224,0,-2.9885,353.9988,73.6326,1,0,72.994,72.2446,0,1,4.7791,3.7702,3.5124,-0.771,25.6094,1,110.6967,0,1.6094,36.5281
233,0,4.2538,1.8345,30.3437,0,4.8467,0.178,0,-2.8652,0,109.1794,1,0,58.7885,56.0322,1,1,4.6444,3.6512,7.0066,-1.9953,0,0,85.8457,0,0,59.6615
234,0,3.6095,1.865,14.3437,0,4.9959,0.1429,0,-1.8897,228.3249,116.7249,2,0,57.6329,70.0026,2,1,4.7622,1.8891,7.0077,-1.3361,6.9237,0,92.7917,0,1.0986,30.9909
235,1,1.9541,2.05,-0.6135,0,3.1842,0.1458,0.4615,-5.392,0,64.8946,2,0,78.054,84.7017,0,0,7.7147,5.2702,2.2124,0.0008,0,0,84.2243,1,5.9764,60.6756
236,0,2.732,1.9223,14.235,6,3.7545,0,0.2222,-3.1118,143.4828,117.2005,2,0,58.7617,81.3624,2,0,6.7409,1.5785,7.0094,-0.1271,13.8475,0,228.0787,0,4.4067,30.2294
237,0,2.7303,1.9164,14.2261,6,3.5607,0,0.25,-2.7099,120.9324,111.0937,2,0,54.1447,72.8198,2,0,6.6219,1.1884,7.0094,-0.1786,0,0,192.7778,0,4.1231,30.057
239,0,2.2705,1.9401,10.5586,6,4.6521,0,0.25,-2.182,159.4598,116,1,0,49.1057,76.5293,1,0,6.2698,1.9192,8.0019,-0.2128,0,0,123.8333,0,4.4067,28.2001
242,1,2.6167,1.9402,19.8568,6,5.1535,0.1038,0.15,-3.7253,570.6929,158.7296,1,0,79.023,112.4386,0,1,6.9544,3.5847,3.517,-1.1061,34.6187,1,210.3693,0,5.1006,37.1603
243,0,6.4995,1.8314,-108.7683,0,12.2458,0.391,0,-3.6931,235.3374,81.5385,1,0,43.3728,51.9984,1,0,5.8579,4.4451,8.0185,-2.2655,0,0,1555.375,0,2.9444,81.855
244,0,2.2256,1.9448,9.2416,6,4.0571,0,0.3158,-2.4421,20.1554,93.1579,1,0,40.7037,59.9557,1,0,6.0394,1.7841,8.0019,-0.2172,0,0,103.8333,0,4.1231,25.4675
245,0,2.4368,1.9301,100.0972,6,7.7725,0.0821,0.2727,-3.0714,113.4674,136.3636,1,0,45.7477,72.5977,1,0,6.4922,2.6638,8.0074,-0.3767,0,0,211.0833,0,4.343,33.6042
246,0,2.1713,1.9448,9.1305,6,4.0571,0,0.3158,-2.4421,31.104,93.1579,1,0,40.7037,59.9557,1,0,6.0326,1.7841,8.0019,-0.2172,0,0,97.7778,0,3.8408,25.4675
247,1,6.7224,1.8346,-124.7064,0,13.6235,0.399,0,-4.2514,350.8139,87.7931,1,0,48.3198,55.8848,1,0,6.073,5.0804,8.0206,-2.2897,0,0,1852.9375,0,3.3322,91.9007
248,1,2.8865,1.9154,110.8281,6,7.5264,0.0726,0.2857,-2.642,0,120,2,2,49.1652,70.7289,2,0,7.0306,2.104,8.0086,0.4218,0,0,343.1667,0,5.2109,42.0521
251,1,1.716,2.027,4.7484,12,2.391,0,0.56,-3.5565,197.7919,95.36,1,0,58.2594,49.6578,0,0,7.7064,3.6123,8.0019,0.9549,24.2655,0,143.3333,0,5.8145,43.3296
252,1,2.1295,1.987,3.2734,12,4.8064,0.0479,0.3714,-4.8664,447.9708,132.982,1,0,82.5358,113.9153,1,0,7.8708,3.7924,7.0083,-0.2689,0,0,337.392,0,6.059,50.1267
254,1,2.7603,1.9081,0.4314,6,1.7695,0,0.4286,-5.1205,0,39.873,0,0,55.9044,28.0837,0,0,6.202,4.5358,4.0052,-0.4739,0,0,17.7205,0,0,65.3461
256,0,2.2934,1.9447,6.5202,6,2.3498,0,0.3158,-2.7892,20.1554,70.2339,1,0,45.7557,59.9557,1,0,6.0604,2.2984,7.0083,-0.141,12.1327,0,83.6235,0,3.9919,27.2561
257,0,2.3462,1.9313,-0.9445,0,1.3885,0,0.3158,-0.35,0,52.9357,1,0,45.449,45.4913,0,0,4.5433,0.7967,2.1421,0.2313,7.0477,1,28.0926,0,0,23.2851
258,0,2.6612,1.9238,55.4211,6,4.6213,0,0.3,-1.926,0,117.8,2,2,46.1526,69.6837,2,0,6.6812,1.517,8.003,1.2682,0,0,216.3333,0,4.2391,30.9841
259,0,2.9548,1.8506,11.2777,0,2.876,0,0,-1.9255,123.3274,76.6087,1,0,36.158,46.739,1,0,3.989,1.7397,7.0083,0.0865,6.9237,0,97.75,0,0,20.1439
261,1,2.2306,1.9416,-0.7072,6,1.2315,0,0.5,-3.0022,0,30.4897,0,0,36.462,23.0196,0,0,5.3759,2.9934,2.2463,0,6.0664,0,3.6914,0,0,34.611
262,0,2.4618,1.9425,35.1079,6,3.8021,0,0.2857,-2.1855,20.1554,109.2381,2,1,47.4001,69.4838,2,0,6.5419,1.5532,8.0019,0.7801,0,0,186.8333,0,4.343,28.5062
263,1,2.3462,1.9313,0.6449,6,1.5967,0,0.4286,-2.8056,0,38.5608,0,0,40.8744,37.7932,0,0,5.6114,2.5756,4.0052,-0.32,0,0,15.0617,0,0,32.7866
265,1,4.2713,1.8952,2.1965,0,5.5782,0.1791,0,-3.0136,554.9268,127.8248,2,0,95.123,91.5521,0,2,5.4293,5.0053,3.5148,-1.5501,27.6949,2,134.3946,0,3.0445,57.5725
267,1,2.4133,1.9314,-0.0254,6,1.9875,0,0.4615,-2.5902,0,42.8015,0,0,38.1268,34.5959,0,0,5.6199,2.699,6.0028,-0.3354,0,0,13.037,0,0,33.6325
268,0,2.3198,1.9386,27.5852,6,2.3654,0,0.4286,-2.6563,0,69.9063,1,1,40.7964,37.303,1,0,5.9047,2.3573,8.0019,1.0089,0,0,64.7037,0,0,33.4956
269,0,2.2599,1.9386,27.4741,6,2.3654,0,0.4286,-2.6563,0,69.9063,1,1,40.7964,37.303,1,0,5.8985,2.3573,8.0019,1.0089,0,0,58.7747,0,0,33.4956
271,1,2.3409,1.9313,2.2091,6,1.9875,0,0.4615,-2.5902,0,42.8015,0,0,38.1268,34.5959,0,0,5.607,2.699,6.0028,-0.3354,0,0,13.3827,0,0,33.6325
272,1,2.1229,1.9538,-1.342,6,0.4005,0,0.5,-2.5957,0,30.4463,0,0,39.159,19.8003,0,0,5.1195,2.2912,2.2783,0,18.1991,0,3.0249,0,0,36.0453
273,0,2.3238,1.683,-1.0398,0,0.5788,0,0,-2.0313,0,13.0526,1,0,26.994,11.5098,0,0,2.6391,2.2474,3.0326,-0.0004,0,0,0,0,0,43.209
276,0,2.396,1.9385,10.2068,6,2.1385,0,0.375,-1.9827,0,58.2963,1,0,39.9699,46,1,0,5.9239,1.4389,7.0083,-0.3491,0,0,60.7037,0,3.1689,27.25
277,0,2.5409,1.9369,35.3704,6,3.458,0,0.3333,-1.3808,0,91.1111,2,1,41.6143,57.0587,2,0,6.4162,0.6937,8.0019,0.5016,0,0,286.6667,0,3.8408,27.1793
278,0,2.6502,1.9301,58.7396,6,4.4488,0,0.3158,-1.3385,0,96.1053,3,2,46.7101,63.2008,3,0,6.9147,1.2012,8.003,0.9546,0,0,387.4444,0,4.5231,35.143
280,0,2.2395,1.9527,2.0144,6,1.9698,0,0.3158,-1.9957,20.1554,69.1579,1,0,39.8322,52.7365,1,0,5.8333,1.0462,7.0083,-0.1032,18.1991,0,71.6667,0,2.7842,26.6024
281,0,2.2934,1.9447,6.4864,6,2.1266,0,0.3158,-3.0385,20.1554,71.6348,1,0,48.4457,59.9557,1,0,6.0604,2.4075,7.0083,-0.1356,24.2655,0,80.8148,0,3.9919,31.2805
282,1,2.5224,1.9301,52.1728,6,3.9035,0,0.3333,-1.5988,0,99.1111,2,2,44.1632,52.794,2,0,6.5269,1.0852,8.003,1.1381,0,0,248,0,3.8408,35.3302
283,0,2.2599,1.9386,13.4146,6,1.9698,0,0.3158,-1.7365,40.3108,69.1579,1,0,39.6969,57.9557,1,0,5.8985,1.0939,7.0083,-0.2742,19.0565,0,68.6667,0,0,23.9155
285,1,2.3409,1.9313,1.9823,6,1.5967,0,0.4286,-2.8056,0,38.5608,0,0,40.8744,37.7932,0,0,5.607,2.5756,4.0052,-0.32,0,0,16.0741,0,0,32.7866
286,1,3.0084,1.9128,36.3597,6,3.3412,0,0.3333,-3.5967,0,71.2154,2,0,60.4006,49.0587,2,0,6.9757,3.6966,7.0094,-1.1244,0,0,301.2964,0,4.5231,64.7913
287,1,2.5158,1.9225,-0.6002,6,1.4811,0,0.5,-4.5657,0,31.8724,0,0,46.482,23.0196,0,0,5.8307,4.3002,2.2008,0,0,0,4.5022,0,0,54.6371
289,1,2.4873,1.9225,-0.2587,6,1.4811,0,0.5,-4.5657,0,31.8724,0,0,46.482,23.0196,0,0,5.8254,4.3002,2.1575,0,0,0,4.5022,0,0,54.6371
290,0,1.8665,2.0385,13.5039,14,5.1544,0,0.4828,-3.3478,179.8209,128.8276,1,0,69.7214,97.8619,1,0,9.5898,2.3714,7.0083,-1.1663,0,0,286.9444,1,7.8669,42.4464
291,0,2.9692,1.9012,-3.4809,6,8.7011,0.1296,0.3333,-4.1123,0,121.0864,2,0,39.3418,45.0845,2,0,6.8139,1.7856,8.0061,-0.0296,0,0,471.2593,0,4.343,51.9144
292,0,2.2934,1.9447,14.1134,6,4.1346,0,0.3333,-1.6968,13.4369,86.4444,1,0,39.6061,54.3038,1,0,6.0604,1.3163,8.0019,-0.7207,0,0,172.5,0,3.9919,26.1457
293,0,2.1713,1.9448,16.9468,6,4.1346,0,0.3333,-1.6968,20.736,86.4444,1,0,39.6061,54.3038,1,0,6.0326,1.3163,8.0019,-0.7207,0,0,105.7778,0,3.8408,26.1457
294,0,3.3549,1.8126,6.8426,0,2.1462,0,0,-1.0807,0,64.9524,1,0,33.602,40.1329,1,0,3.7842,0.8747,7.0083,0.1142,13.8475,0,102,0,0,18.9691
295,1,2.4873,1.9225,5.4674,6,1.7641,0,0.2727,-2.65,0,69.0909,0,0,42.3178,56.0684,0,0,5.8254,2.3175,6.0028,-0.1818,20.7712,0,100,0,0,26.3022
296,0,2.2875,1.9414,5.0784,6,2.8651,0,0.2727,-3.9749,96.0866,78.0898,1,0,55.3827,72.9881,1,0,6.3362,3.3419,7.0083,-0.1466,0,0,88.5761,0,4.3647,33.2352
297,1,1.9636,1.9882,-4.8173,6,5.0034,0.101,0.2903,-2.4296,351.8546,148.6165,3,0,77.703,103.5801,2,1,7.4138,2.4906,7.0094,-0.8503,0,1,153.9835,0,5.609,41.6439
298,1,2.3963,1.9365,45.5549,6,6.0267,0.1499,0.1277,-3.8098,815.725,166.6992,3,0,100.8155,148.7877,2,1,6.7021,3.7726,7.0142,-1.0431,27.6949,1,279.5578,0,4.152,47.8883
299,0,3.7213,1.8745,-1.6277,0,2.4749,0,0,-2.4636,307.1209,73.9355,1,0,55.683,64.1146,1,0,4.4998,2.9815,7.0083,0.1277,11.8236,0,157.6852,0,0,27.0882
300,1,1.7602,2.0894,-0.1545,14,0.8167,0,0.5185,-4.776,68.7813,76.6667,0,0,66.191,58.5684,0,0,9.1107,4.3014,2.2745,0.0356,0,0,130,1,7.4032,46.2493
301,1,2.2146,1.9531,0.9685,6,3.6924,0.0963,0.1765,-4.2853,339.0488,101.0182,1,0,87.304,107.9542,0,1,6.5744,5.4203,3.5124,-0.7763,38.1129,1,103.9463,0,4.3183,40.8154
303,1,2.7008,1.9165,29.5855,6,2.0774,0,0.4286,-4.7204,0,59.6649,1,1,53.1364,37.303,1,0,6.45,4.2084,8.0019,0.8477,0,0,70.7697,0,3.1689,57.298
304,1,2.5003,1.9418,18.0484,6,3.0321,0.0638,0.1714,-3.8905,442.4944,118.2222,0,0,69.1474,91.2831,0,0,6.6619,2.2357,3.0676,-0.0152,13.1795,0,160.537,0,4.8218,36.0343
305,0,1.6376,2.0254,12.7564,6,2.9001,0,0.4412,-3.1362,346.9579,100.4706,1,0,65.4694,98.0911,1,0,6.4929,3.1408,7.0083,-0.1142,30.3318,0,188.3333,0,4.5346,38.6953
306,1,2.4873,1.9225,0.7493,6,2.0614,0,0.4615,-3.3719,0,42.6268,0,0,43.1368,34.5959,0,0,5.8254,3.3524,6.0028,-0.3838,0,0,13.8479,0,0,43.771
307,1,1.8952,2.0446,0.2856,10,0.735,0,0.4167,-3.7906,82.2182,62,0,0,53.326,57.1265,0,0,7.7696,3.4022,2.271,0.0225,0,0,76.8333,0,6.1606,34.786
309,1,2.1512,1.9472,-4.0303,6,3.4041,0.1066,0.2143,-3.4924,234.1853,92.9929,1,0,78.07,90.6059,0,1,6.4968,4.6401,3.5155,-0.7894,24.2655,1,70.9278,0,4.235,39.801
310,0,2.0452,2.0064,-1.658,12,2.518,0,0.3714,-3.5153,393.3545,113.8857,1,0,73.421,89.4349,1,0,7.5763,2.9067,7.0083,0.1251,60.6637,0,255.3333,0,5.8873,49.0177
311,1,2.1089,2.0075,22.4809,0,4.6189,0.1413,0.48,-4.9563,0,104.2963,2,0,77.3634,80.5866,1,0,7.1861,3.6898,7.0067,-0.3835,0,0,122.915,1,5.2311,65.8704
312,0,2.1325,1.9574,7.5278,6,2.3708,0,0.2857,-2.0609,75.4998,77.2381,1,0,44.5204,62.2645,1,0,5.9612,1.4379,7.0083,-0.2486,30.3318,0,92.1667,0,4.0376,27.4689
313,0,2.3884,1.9616,12.1848,6,2.7743,0,0.2069,-3.4726,311.9346,103.6705,0,0,59.9354,78.0208,0,0,6.4277,1.4571,3.0676,-0.1103,20.1032,0,119.4074,0,4.235,32.382
314,1,1.9536,2.0181,-1.6254,0,3.5037,0.1452,0.4783,-5.4091,0,71.4482,1,0,75.619,70.8226,0,0,7.3982,4.4527,3.5097,-0.0601,0,0,68.9893,0,5.6021,72.1335
315,1,3.6323,1.8838,-1.0007,0,2.5678,0,0,-2.8719,392.5799,76.7843,1,0,60.3,69.2253,1,0,4.6444,3.3716,7.0083,0.1323,11.8236,0,161.6296,0,1.0986,29.4614
316,1,1.9867,2.0447,-0.2144,10,0.735,0,0.4167,-3.7906,20.1554,62,0,0,53.326,57.1265,0,0,7.7655,3.4022,2.2722,0.0225,0,0,94.1667,0,6.1239,34.786
318,1,1.4995,2.111,4.269,10,6.1855,0,0.5429,-3.9435,462.462,172.1714,3,0,79.0695,128.7309,2,0,9.6459,2.2765,7.0094,-0.2555,6.076,0,312.2222,1,7.8903,38.6822
320,1,2.4503,1.9397,-0.8737,6,1.3183,0,0.4615,-3.2563,0,40.6135,0,0,41.177,34.5959,0,0,6.1228,2.8651,6.0273,0,6.0692,0,29.1914,0,3.8408,34.7711
321,1,1.7839,2.0863,-6.9457,14,1.8708,0,0.5,-4.2222,82.2182,85.8571,0,0,67.3768,67.5473,0,0,9.1618,3.4853,6.0027,-0.1899,24.2655,0,192.8333,1,7.4572,46.9326
322,1,1.9635,2.0412,4.3942,6,1.6765,0,0.45,-2.1647,0,60.8,0,0,40.1318,57.419,0,0,6.3186,1.8809,6.0028,-0.19,12.1327,0,62.8333,0,4.4271,24.2586
323,0,2.0266,1.9663,15.6908,6,3.3556,0,0.2069,-2.986,239.7231,105.0345,1,0,56.3207,87.1328,1,0,6.201,3.0352,7.0083,-0.0286,30.3318,0,149.9167,0,4.2618,31.2523
324,1,3.1478,1.9335,176.224,6,11.6286,0.0506,0.1538,-4.6958,644.9731,253.6923,2,2,77.5478,127.3179,2,0,7.5541,4.1482,8.0086,1.7793,0,0,499.3333,0,5.7628,43.9097
326,1,2.4291,1.9532,17.7126,6,3.8622,0,0.1875,-3.1332,377.2145,129.875,0,0,59.3014,85.8869,0,0,6.5509,1.1323,3.5138,-0.1471,20.7712,0,153.5,0,4.5708,32.1722
327,0,2.3391,1.8065,-0.8333,0,1.3742,0,0,-1.4658,0,31.1111,0,0,27.3534,33.8394,0,0,3.091,0.1204,2.6094,0.2758,0,0,31,0,0,18.7996
328,0,3.6328,1.8522,22.7344,0,4.5173,0.0815,0,-1.3361,236.1292,127.0206,3,0,52.1781,83.3624,2,0,5.1533,0.4853,7.0088,0.3505,0,0,126.2618,0,1.9459,24.7225
329,0,3.8888,1.8463,47.7824,0,5.3606,0.2062,0,-1.2449,255.6343,145.8571,4,0,52.9555,87.5864,3,0,5.3845,0.1514,7.0146,0.1985,0,0,150.5818,0,2.3979,27.2932
331,0,2.4705,1.9303,16.1366,6,2.5107,0,0.4286,-2.3309,0,57.4497,1,0,41.2163,47.303,1,0,6.1124,2.0866,7.0083,-0.5613,0,0,64.9837,0,3.1689,32.3042
333,0,6.819,1.8324,-122.5575,0,13.5711,0.4521,0,-4.1887,392.3472,110.163,2,0,52.2326,60.2101,2,0,6.2005,4.8411,8.0206,-2.285,0,0,1950.5278,0,3.5264,97.9815
334,1,1.742,2.0008,29.0096,12,4.0691,0,0.52,-4.8303,177.039,109.3086,1,1,69.6324,70.7934,1,0,7.8656,4.6939,8.0019,0.9649,0,0,129.4938,0,5.9486,48.9772
335,1,2.9493,1.922,10.686,6,4.758,0,0.25,-4.9868,82.8413,120.8128,2,0,69.161,68.5293,2,0,7.1442,3.8734,7.0094,-0.2933,0,0,142.0168,0,5.2109,62.9509
336,1,3.1031,1.9331,176.474,6,11.6286,0.0506,0.1538,-4.6958,565.0835,253.6923,2,2,77.5478,127.3179,2,0,7.5461,4.1482,8.0086,1.7793,6.9237,0,500.1667,0,5.7593,43.9097
337,1,2.824,1.9234,2.2595,6,1.1331,0,0.4286,-5.0357,0,35.0617,0,0,55.912,31.303,0,0,6.9549,4.0436,6.0285,0,0,0,74.6874,0,4.925,62.7475
338,1,2.524,1.9446,13.7851,6,3.4688,0,0.1765,-3.6978,296.6404,118.4662,0,0,67.1567,86.732,0,0,6.6456,2.1915,3.0675,0.0895,18.7474,0,174.677,0,4.7989,36.0618
339,1,2.4956,1.9519,11.335,6,3.3245,0,0.1935,-3.668,251.4922,112.0048,0,0,62.5617,78.7121,0,0,6.5235,1.803,3.0675,0.0375,25.6711,0,154.4012,0,4.517,35.3207
340,0,2.709,1.9305,16.4431,6,3.6869,0,0.3158,-2.8357,0,87.9831,1,0,49.9733,67.9557,1,0,6.4632,2.7002,7.0083,-0.4958,0,0,126.7121,0,4.1231,32.7298
341,0,2.5512,1.9303,-1.317,6,1.5977,0,0.375,-2.9744,0,44.5679,1,0,52.3494,48.4902,0,0,6.1293,2.6276,4.0052,-0.3185,0,1,38.9259,0,3.8408,36.2592
342,0,2.5551,1.9436,4.0097,6,2.8169,0,0.2143,-2.776,62.7549,91.2698,1,0,59.784,80.8573,1,0,6.2799,2.6668,7.0083,0.0936,44.1793,0,202.1111,0,4.4666,33.1489
346,0,2.1713,1.9448,17.0877,6,2.2963,0,0.3333,-2.2925,16.6873,67.9421,1,0,47.3481,54.3038,1,0,6.0326,1.9397,7.0083,-0.5485,12.1327,0,88.4398,0,3.8408,32.1689
347,1,1.6393,2.0003,9.0462,12,4.173,0,0.3714,-4.1645,325.5992,136.3527,1,0,80.6737,112.0151,1,0,7.8487,4.2258,7.0083,-0.0736,0,0,173.4599,0,6.0146,45.2072
348,0,1.6953,2.0154,13.2941,6,3.011,0,0.4054,-3.293,391.3078,106.9189,1,0,70.0164,111.4248,1,0,6.5636,3.3868,7.0083,-0.0933,30.3318,0,223.8889,0,4.592,36.6534
353,1,2.9478,1.9306,154.3444,6,10.1193,0.0596,0.2,-4.2364,292.2535,202,2,2,63.5335,108.0455,2,0,7.3233,3.3437,8.0086,1.2529,0,0,405.125,0,5.5245,40.2209
354,1,1.8992,1.9952,31.0211,12,5.2142,0.0946,0.4,-4.0305,506.3695,158.7231,2,1,85.7114,110.8566,1,1,7.7311,3.6451,8.0019,0.2932,37.2556,1,221.3066,0,5.854,48.4019
356,0,2.2198,1.949,11.3358,6,3.1761,0,0.3,-2.5368,75.6475,86.3358,1,0,47.4797,65.6837,1,0,6.1602,2.5183,7.0083,-0.2245,0,0,91.9342,0,4.2749,28.2807
357,0,2.3011,1.9368,7.5429,6,2.6327,0,0.3158,-3.5685,27.0216,70.9773,1,0,50.7657,62.446,1,0,6.2226,2.9518,7.0083,-0.1788,0,0,79.4095,0,4.1231,33.4196
358,0,1.73,2.0601,14.6087,6,3.9114,0,0.4286,-2.9152,346.349,128.4,2,0,65.4697,90.5283,2,0,7.6513,1.5305,7.0094,-0.0154,0,0,271.5,0,5.8972,37.5062
360,1,2.5322,1.9396,-0.3331,0,1.8605,0.0824,0.5,-8.5241,0,51.9136,4,0,92.096,42.4386,0,0,7.4748,7.7256,1.9654,0.0272,0,0,61.4827,0,5.6664,109.4843
362,1,4.1611,1.8632,2.0922,0,3.9354,0,0,-3.2519,305.8656,92.1343,2,0,74.55,81.2451,1,0,5.2679,4.8439,7.0083,0.0725,27.6949,0,208.1523,0,2.8332,44.9219
363,1,2.3108,1.9412,7.4394,6,3.0629,0,0.1765,-4.5861,337.7485,101.9695,1,0,68.8907,106.161,1,0,6.5962,4.0231,7.0083,-0.0536,25.9802,0,175.6008,0,4.6913,29.9645
365,1,2.3011,1.9368,17.6408,6,2.697,0,0.3333,-2.8227,18.0144,66.2853,1,0,49.6681,56.794,1,0,6.2226,2.484,7.0083,-0.6397,0,0,86.7428,0,4.1231,34.4182
366,1,2.0778,2.0113,-0.0089,0,2.0296,0.3684,0.4545,-9.6814,0,56.633,0,0,97.546,29.0879,0,0,8.2335,6.223,1.6057,0.1296,0,0,28.4586,0,6.5971,126.5522
367,1,2.0889,1.9781,3.8573,0,4.3225,0.0512,0.3333,-2.9162,201.6002,101.5702,3,0,74.729,88.7305,2,0,6.5639,3.5209,7.0094,-0.0776,12.152,0,174.1512,0,4.6444,55.8083
368,1,1.6879,2.0757,-10.7526,13,2.0077,0,0.619,-3.8072,63.8516,85.4074,1,0,63.805,69.974,1,0,9.2328,2.5746,7.0083,-0.0105,25.1228,0,77.7099,1,7.6165,37.6788
369,1,4.0214,1.8756,31.7723,0,5.3056,0.2075,0,-2.7901,469.9036,123.9379,3,0,74.3228,86.0594,2,1,5.2204,2.4518,7.0142,-0.9224,13.8475,1,112.3723,0,2.5649,37.8847
371,1,2.7234,1.9463,0.1037,6,5.1813,0.1,0.1667,-2.7364,555.2887,148.299,2,0,81.71,115.8785,1,1,6.7454,3.5413,7.0083,-0.7525,30.3318,1,283.8194,0,4.9025,40.0265
372,0,2.1325,1.9574,10.6456,6,2.8881,0,0.3,-1.7505,68.7813,86,1,0,42.4697,58.4644,1,0,5.9612,1.8649,7.0083,-0.1571,18.1991,0,94.1667,0,4.0376,27.8077
373,1,2.4412,1.9397,21.658,6,3.4836,0,0.1875,-3.2878,269.0556,120,1,0,60.3517,98.3845,1,0,6.6264,2.8366,7.0083,-0.0018,19.0565,0,173.3889,0,4.6219,28.0242
375,1,2.6344,1.9232,-2.679,6,3.1095,0,0.3529,-3.6544,0,70.8279,0,0,49.6888,53.2222,0,0,6.1855,3.361,6.0028,-0.4753,0,0,59.858,0,2.151,43.3684
376,1,2.4907,1.9382,-3.3036,6,3.3064,0,0.3,-3.5882,42.7058,86.6889,0,0,49.566,56.9288,0,0,6.1663,3.0106,3.5148,-0.026,0,0,67.1843,0,2.7842,36.3458
378,0,2.2256,1.9448,17.1988,6,2.2963,0,0.3333,-2.2925,13.4369,67.9421,1,0,47.3481,54.3038,1,0,6.0394,1.9397,7.0083,-0.5485,12.1327,0,85.7377,0,4.1231,32.1689
379,0,2.2325,1.9438,4.2957,6,3.5615,0,0.24,-2.4994,187.0576,109.7297,1,0,57.9327,84.5866,1,0,6.3626,2.4742,7.0083,0.3885,12.1327,0,141.2731,0,4.4666,32.6417
380,0,1.3978,2.0417,24.8814,0,10.897,0.0625,0.4328,-2.3533,1823.0735,301.0448,6,0,120.7408,235.5874,3,0,7.9494,1.7805,7.0105,-0.2459,0,0,721.8056,1,6.0913,52.6955
381,0,2.4569,1.9312,39.0806,6,4.8287,0.1196,0.24,-1.494,155.8063,126,3,0,53.5809,88.5866,3,0,6.617,0.3135,7.0146,-0.9251,0,0,164.4352,0,4.2981,31.7138
384,1,1.5941,1.9985,11.6881,6,4.7862,0,0.4048,-4.933,422.7192,136.9935,1,0,86.2475,127.9089,1,0,6.7606,4.4147,7.0083,0.1618,0,0,209.0514,0,4.299,41.8305
385,1,2.6254,1.9148,0.2462,6,1.8435,0,0.4286,-4.3585,0,39.8871,0,0,50.8944,35.303,0,0,6.0225,3.8824,4.0052,-0.4226,0,0,17.0044,0,0,53.7488
386,1,1.7593,2.0339,-7.0381,12,1.8407,0,0.4615,-3.3818,150.9201,76.6154,0,0,57.8008,61.1528,0,0,7.6936,2.8459,6.0027,-0.19,42.4646,0,110.1667,0,5.8588,41.1586
387,0,2.4911,1.95,18.3422,6,3.4836,0,0.1875,-3.1539,295.605,116,1,0,60.2317,98.9804,1,0,6.5971,2.9183,7.0083,-0.0018,24.2655,0,193.6667,0,4.566,29.2427
390,1,2.4902,1.9498,15.8644,6,3.1498,0,0.1579,-3.9367,528.0246,120.117,0,0,73.7424,94.3461,0,0,6.7916,2.6242,3.0677,0.021,0,0,177.358,0,5.0799,39.9327
391,0,2.3198,1.9386,15.9388,6,2.5299,0,0.4286,-1.5471,0,59.6649,1,0,36.2063,43.7932,1,0,5.9047,1.4332,7.0083,-0.4906,0,0,64.1728,0,0,26.046
392,0,1.9867,2.0447,-6.9941,10,1.7075,0,0.4545,-2.8299,6.7185,67.2727,0,0,49.8708,54.8045,0,0,7.7655,2.3321,6.0027,-0.2008,30.3318,0,112.8333,0,6.1239,34.417
393,1,2.6254,1.9148,0.9533,6,1.9934,0,0.4615,-4.1425,0,41.9658,0,0,48.1468,32.1057,0,0,6.0225,4.0058,6.0028,-0.4323,0,0,15.5886,0,0,54.3978
394,0,2.4837,1.9405,14.2153,6,3.2986,0,0.1765,-3.1839,294.1818,117.7647,0,0,61.3728,91.9151,0,0,6.5704,1.8992,6.0028,-0.0116,21.0191,0,194.8333,0,4.1231,26.5589
395,0,1.9435,1.9934,28.278,6,4.9948,0.0973,0.4516,-2.7745,341.4102,143.5484,4,0,67.5105,108.7093,3,0,7.1551,1.3016,7.0146,-0.3292,0,0,252.713,0,5.248,35.4394
397,1,1.8366,2.0002,0.0971,12,2.1915,0,0.5652,-6.9921,135.6536,81.7197,0,0,83.758,55.0224,0,0,7.7563,6.5289,3.5111,-0.0069,36.3982,0,68.2809,0,5.8732,98.4669
399,0,2.846,1.906,17.9725,6,3.9774,0.0748,0.2222,-2.8625,181.3985,119.9899,2,0,56.0657,78.6075,2,0,6.7409,1.2534,7.0094,-0.1347,0,0,254.4938,0,4.5231,29.005
400,0,2.4419,1.9362,17.7474,6,3.3245,0.0693,0.1935,-4.0095,231.3605,112.0048,0,0,62.3764,81.5222,0,0,6.5235,2.1672,3.0677,-0.1335,27.6949,0,137.8503,0,4.7367,35.9831
405,0,1.9021,2.013,8.9894,6,4.9924,0,0.3793,-2.008,279.6724,137.8621,1,0,56.1707,96.8814,1,0,6.9336,1.4502,7.0083,-0.2661,12.1327,0,174.1667,0,5.0663,31.6339
406,1,1.8719,2.0105,-1.0154,12,1.9563,0,0.5455,-5.7064,55.1135,59.4613,0,0,66.908,47.2948,0,0,7.8544,5.3138,2.2391,0.0025,36.3982,0,75.0165,0,6.0187,56.5774
407,1,2.5691,1.925,1.5012,6,2.895,0.0705,0.3333,-4.3656,0,69.9067,0,0,55.036,61.5489,0,0,6.2653,3.5703,3.5137,-0.1212,0,0,58.7103,0,2.7842,42.5587
409,0,2.2157,1.9459,6.4376,6,3.6158,0,0.2143,-2.0345,203.708,117.7143,1,0,55.6997,88.0766,1,0,6.4204,1.7887,7.0083,-0.0468,0,0,131.8611,0,4.6108,28.6727
410,1,1.4956,2.1095,12.8301,10,7.2131,0,0.5263,-4.1422,601.7335,197.4737,2,0,80.7485,131.8058,2,0,9.5618,1.7369,7.0094,-0.3467,0,0,339.8889,1,7.8244,40.6562
411,1,2.6007,1.9289,6.7894,6,3.3719,0,0.3,-3.0517,60.4662,86.3556,1,0,52.2139,71.6837,1,0,6.4101,2.3622,7.0083,-0.4629,0,0,116.9899,0,3.8937,31.9841
412,1,2.4692,1.9458,16.9679,6,3.0321,0,0.1714,-3.5342,442.5182,116.2222,0,0,69.1254,89.2831,0,0,6.6699,2.2341,3.0676,-0.0152,6.2558,0,160.0247,0,4.8397,37.1072
413,0,3.9636,1.8619,37.3299,0,6.4679,0.1538,0,-0.4554,213.9756,162.8651,3,0,48.4825,78.6075,2,1,5.2627,1.4807,7.0088,-1.9286,0,0,171.1065,0,1.6094,29.7094
414,1,2.6768,1.9536,0.0237,0,4.1338,0.14,0.25,-6.7894,0,53.9806,0,0,83.626,71.3867,0,0,6.2066,5.6627,1.6376,0.0002,0,0,118.4595,0,3.7842,89.4447
415,1,3.6198,1.9071,-8.3783,0,3.5957,0,0,-2.4448,381.5441,95.1891,4,0,119.7442,121.9115,0,0,5.6454,1.1323,4.0033,-1.0501,0,4,115.0679,0,2.9957,74.0388
416,0,2.1906,1.77,-0.7494,0,1.2306,0,0,-1.5448,0,13.0645,1,0,25.713,24.5293,0,0,3.091,1.9777,2.2144,-0.0036,0,0,0,0,0,20.2439
417,0,3.3604,1.7775,18.4385,0,2.8855,0.2564,0,-0.1383,0,61.6165,1,0,32.3179,41.0936,1,1,3.5553,1.0626,7.0066,-1.4302,0,0,24,0,0,21.1381
418,0,4.2114,1.8655,2.969,0,4.4189,0.1667,0,-2.8972,418.771,108.4745,2,0,77.8904,84.9015,1,1,5.124,3.5218,7.0067,-0.8455,34.6187,1,158.1111,0,1.9459,39.5027
419,1,2.2371,1.9656,-2.7964,0,1.8164,0,0.5294,-1.723,0,43.3632,2,0,56.3834,49.4869,0,0,5.0752,1.1279,2.5247,-0.1061,19.506,2,26.2469,0,2.8904,46.9539
420,0,1.6904,2.0187,-2.0219,12,3.794,0.0558,0.4571,-3.3147,272.0072,131.5429,0,0,70.7488,121.8734,0,0,7.7833,2.1311,6.0026,-0.1466,24.2655,0,245.9583,0,6.0105,33.3404
421,1,1.9633,2.0219,-1.8151,12,1.6107,0,0.5455,-4.9426,41.1091,58.716,0,0,61.898,44.1075,0,0,7.6622,4.6604,2.2685,0.0063,48.5309,0,77.6257,0,5.9013,47.96
423,0,1.6249,1.9863,10.6389,6,2.5251,0,0.48,-2.2889,188.631,84.56,1,0,51.6184,77.2675,1,0,6.3062,1.9705,7.0083,-0.2054,30.3318,0,130.1667,0,4.3718,30.0867
425,0,3.8351,1.8784,1.3076,0,3.2078,0.1364,0,-3.0518,432.867,73.6034,1,0,64.7305,68.5345,1,1,4.6444,4.4174,7.0066,-0.9035,6.9237,0,148.9444,0,0.6931,34.0284
427,1,2.3296,1.9375,4.7826,6,3.8265,0,0.24,-3.2554,196.3486,110.4869,1,0,62.9427,91.0769,1,0,6.5351,3.1276,7.0083,0.3058,0,0,139.5406,0,4.6492,32.778
428,1,1.6973,1.9994,28.1373,12,5.579,0,0.3947,-3.949,410.658,169.0526,2,0,83.2954,125.9115,2,0,7.5535,3.7842,7.0094,-0.3802,25.1228,0,275,0,5.7611,47.069
429,0,2.4637,1.9361,41.7146,6,6.0844,0.1864,0.1667,-3.1077,491.2699,163.8669,3,0,77.7168,114.0116,2,1,7.1306,2.7664,7.0142,-1.3861,0,1,217.8328,0,5.4972,40.217
430,1,1.9001,2.0019,2.6449,10,3.7674,0,0.2439,-4.0589,505.7165,144.0976,1,0,81.966,118.2988,1,0,8.136,3.4755,7.0083,0.203,63.2358,0,277.9444,0,6.4518,44.1731
433,0,2.8595,1.9523,-0.4056,6,4.1997,0,0.1579,-4.3664,452.3895,131.4984,1,0,75.28,114.4246,1,0,6.9356,2.9871,7.0083,0.1746,18.1991,0,280.2202,0,4.8875,32.6144
434,0,3.1682,1.8484,18.9626,0,3.2651,0,0,-0.9765,123.3274,95.0889,2,0,42.1647,57.9092,1,0,4.5326,1.0388,7.0083,0.3884,6.2558,0,66.9907,0,0,21.305
435,1,1.9894,2.0022,22.3963,9,5.4702,0,0.2308,-3.2041,555.839,171.8974,2,0,79.4654,141.1111,2,0,8.2981,2.5724,7.0094,-0.3266,19.0565,0,275.25,0,6.7174,33.6904
437,1,1.9007,2.0083,4.1286,9,2.7788,0,0.3462,-2.4833,175.5051,105.7094,1,0,62.4787,88.7017,1,0,7.8371,2.0719,7.0083,-0.1006,24.2655,0,107.2593,0,6.3349,30.6326
439,0,1.6571,2.0279,13.1508,6,3.011,0,0.4324,-3.4152,389.7111,104.9189,1,0,70.0864,103.915,1,0,6.5301,3.5309,7.0083,-0.0933,30.3318,0,211.3333,0,4.5558,41.958
440,0,2.3427,1.9394,6.0821,6,3.9793,0,0.2143,-2.8059,217.4404,119.1111,1,0,60.7097,94.5668,1,0,6.5864,2.4421,7.0083,-0.1206,0,0,131.1656,0,4.815,28.6426
442,0,2.3092,1.947,6.4565,6,3.7748,0,0.24,-3.1335,148.3478,106.2963,1,0,56.0824,89.0769,1,0,6.4874,2.0999,7.0083,-0.3643,0,0,121.999,0,4.6679,26.6738
443,0,2.6887,1.919,10.6033,6,3.3227,0.0739,0.2143,-1.7185,128.1174,117.1905,1,0,56.9234,82.8315,1,0,6.5894,0.3715,7.0083,0.4254,20.7712,0,198.6435,0,3.9919,28.5275
445,1,2.0049,1.9862,-1.6127,12,3.8461,0.085,0.4667,-5.9394,315.1891,109.5894,1,0,92.16,99.1489,0,1,7.667,5.4161,3.5144,-0.8396,30.3318,1,143.1429,0,5.6999,54.3201
446,0,2.2875,1.9414,10.48,6,2.9137,0,0.25,-3.3905,136.4381,88.8807,1,0,54.2674,83.0196,1,0,6.3362,2.3997,7.0083,-0.2631,12.9901,0,102.8786,0,4.3647,25.8005
447,1,2.5502,1.94,41.4328,6,4.8634,0.1027,0.1463,-3.9815,634.6,146.0446,1,0,81.0922,130.3363,1,1,6.9164,4.2383,7.0066,-1.5903,45.2261,0,304.3899,0,5.1781,33.8714
448,1,2.734,1.931,31.2718,6,5.6675,0.0981,0.2143,-4.6117,266.2595,132.8078,2,0,78.0115,95.5864,1,1,7.0636,5.6015,7.0066,-1.8908,0,0,163.9383,0,5.136,56.6702
449,0,2.6156,1.9276,23.2615,6,4.5624,0,0.1714,-2.3453,563.2846,161.8857,1,0,65.544,90.4663,1,0,6.8733,1.2198,7.0083,0.1414,27.9428,0,185.5,0,4.8195,33.6438
450,0,3.8986,1.868,20.618,0,4.6847,0,0,-0.667,251.9276,138.7243,3,0,55.1847,78.6075,2,0,5.2781,0.1071,7.0094,0.293,0,0,135.713,0,1.6094,29.3572
451,1,2.7514,1.9596,1.3707,6,4.5582,0,0.1277,-5.5634,748.8315,143.5755,1,0,89.131,136.7591,1,0,7.0566,4.1574,7.0083,0.2231,6.0664,0,312.4702,0,5.0554,36.7364
452,1,2.4483,1.9503,21.1215,6,5.8328,0,0.1667,-2.422,434.6157,168.0617,4,0,89.9648,124.6075,2,0,7.1454,1.7922,7.0094,-1.0412,0,2,198.1296,0,5.2886,49.664
453,0,2.4964,1.9265,9.4255,6,3.066,0.0613,0.2222,-4.0857,226.4425,96.2561,1,0,66.8402,97.3624,1,0,6.7824,3.135,7.0083,-0.1258,0,0,182.2593,0,4.5047,34.6989
454,1,1.7703,2.0116,3.4247,11,3.0758,0,0.5,-3.4612,218.0064,103.8462,1,0,57.8402,82.2953,1,0,7.1627,2.8403,7.0083,-0.1101,30.3318,0,148.5,0,5.2109,33.0681
455,0,2.206,1.9884,43.4451,6,4.3177,0.1092,0.3571,-2.0958,144.2811,129.7619,3,0,60.29,94.9545,3,0,7.4291,1.2075,7.0146,-0.3951,0,0,304.463,0,5.6606,33.1607
457,1,2.7506,1.9403,23.4477,6,6.0029,0.0904,0.1304,-3.6366,923.4063,176.4187,2,0,91.8042,145.7636,1,1,7.1617,3.8896,7.0083,-1.0835,20.7712,1,300.5509,0,5.281,41.8785
458,1,2.0231,1.9791,59.5891,6,6.0769,0.1481,0.2432,-3.3479,452.2966,175.4234,2,0,70.9818,115.8818,2,0,7.6385,2.0576,7.0142,-0.1448,20.7712,0,265.5193,0,6.0027,35.609
460,1,3.0025,1.9417,72.756,6,6.1378,0,0.1818,-4.6619,170.8826,172.0524,2,2,78.1408,107.6564,2,0,7.2866,3.0954,8.003,2.024,0,0,390.3909,0,5.2291,43.3003
461,0,2.6776,1.9319,1.2662,0,6.3186,0.0866,0.1667,-3.4434,303.2829,132.5432,2,0,89.7014,113.3882,2,0,6.1633,1.4886,7.0099,-0.6029,0,0,277.8889,0,4.1744,76.9905
462,0,3.9088,1.862,32.164,0,6.4679,0.1538,0,-0.4554,334.9079,162.8651,3,0,48.4825,78.6075,2,1,5.2781,1.4807,7.0088,-1.9286,0,0,117.2083,0,1.6094,29.7094
463,0,1.6978,2.0031,12.9681,0,9.9883,0.1098,0.2258,-2.1686,1486.7033,271.5484,3,0,104.2396,198.7689,2,0,7.8156,1.1219,7.0094,-0.4432,33.771,0,711.9722,1,6.021,46.1703
465,1,2.2452,1.9612,26.2203,6,6.386,0,0.0909,-6.7937,1006.0008,204.1212,2,0,113.619,165.9563,2,0,7.1383,6.433,7.0094,0.2242,0,0,455.4167,0,5.0152,59.4484
467,0,2.2682,1.9722,14.2856,6,7.3905,0,0.3167,-4.065,1523.3253,242.6,5,0,113.8164,199.7766,4,0,7.7118,0.9935,7.0115,-0.1332,44.1793,0,806.6944,0,5.8972,53.2074
468,1,3.2685,1.9219,164.6335,6,11.0655,0.0538,0.1714,-3.6866,313.6474,234.6857,2,2,72.7262,121.5507,2,0,7.5411,2.9502,8.0086,1.0025,0,0,570.6667,0,5.8295,43.7748
469,1,3.2858,1.9293,176.7758,6,11.9826,0.0486,0.1463,-4.4786,736.5537,262.0976,2,2,81.9602,139.6018,2,0,7.6502,3.7304,8.0086,1.2729,0,0,593.3333,0,5.9241,44.893
470,1,2.3956,1.9305,28.3541,6,2.3736,0,0.4286,-3.4255,0,67.8228,1,1,45.8064,43.7932,1,0,6.0967,3.0107,8.0019,0.9576,0,0,64.3056,0,0,35.2925
471,1,1.8948,2.0242,3.0644,6,6.7108,0.0526,0.3784,-1.7246,434.4026,173.027,2,0,73.0869,140.0207,1,0,8.2367,0.8388,7.0083,-1.0601,0,0,384.0139,1,6.4444,32.193
472,0,3.8026,1.8256,15.4577,0,3.9495,0.1911,0,-0.9114,0,98.084,2,0,41.9472,57.9092,2,1,4.3175,1.24,7.0088,-1.2781,0,0,97.4444,0,0,23.466
474,0,2.5789,1.9348,43.2148,6,5.8568,0.0993,0.1429,-3.8807,672.9743,167.4027,2,0,81.6436,137.154,2,1,7.1401,3.2538,7.0077,-1.6994,20.7712,0,350.3004,0,5.5075,34.544
476,1,1.9519,2.0004,-0.7828,12,2.2181,0,0.5455,-6.4627,53.4685,59.9192,0,0,71.918,49.0879,0,0,7.9559,5.9672,2.2196,0.0005,6.0664,0,75.2306,0,6.1725,66.3847
478,1,1.6236,1.9917,5.7743,12,2.5757,0,0.3778,-5.4573,635.7959,145.2444,2,0,95.899,127.0203,0,0,7.871,4.8719,3.0482,0.2763,24.0803,0,197.3333,0,5.9002,49.4932
479,0,2.3572,1.9369,8.0594,6,2.2525,0.0743,0.2222,-2.548,194.1282,93.6296,1,0,56.8202,87.6529,1,0,6.4471,1.8282,7.0083,-0.0726,18.1991,0,176.5,0,4.2019,30.2771
480,1,3.1478,1.9335,170.928,6,11.184,0.0495,0.1667,-4.9111,411.1911,234.7888,2,2,77.9768,126.5538,2,0,7.5541,3.977,8.0086,1.6207,0,0,485.3621,0,5.7628,43.6274
482,1,2.1317,1.9826,-0.4143,12,2.4904,0,0.5455,-7.9578,55.1135,59.9731,0,0,81.938,49.0879,0,0,8.1311,7.274,2.1655,0.0013,0,0,79.087,0,6.3058,86.8429
483,0,2.4909,1.9166,10.3633,5,3.4747,0.0688,0.1613,-2.2511,406.476,126.1935,1,0,61.4677,86.2218,1,0,6.2908,1.6112,7.0083,0.3252,0,0,147.8611,0,3.944,30.1715
484,0,2.7751,1.951,1.7412,6,4.1997,0,0.1579,-4.3664,458.4245,131.4984,1,0,75.256,116.4246,1,0,6.8664,3.1232,7.0083,0.1746,32.0466,0,271.4702,0,4.8537,31.5887
486,1,2.0552,1.9828,-0.4225,12,2.4904,0,0.5455,-7.9578,61.2503,59.9731,0,0,81.938,49.0879,0,0,8.1816,7.274,2.1613,0.0013,0,0,75.6795,0,6.3857,86.8429
487,1,2.0621,1.9829,-0.6529,12,2.4904,0,0.5455,-7.9578,61.2503,59.9731,0,0,81.938,49.0879,0,0,8.1823,7.274,2.2031,0.0013,0,0,75.56,0,6.3857,86.8429
488,1,2.4042,1.9544,4.0466,6,3.33,0.0984,0.1622,-4.0689,521.5504,105.3694,1,0,87.511,116.1464,0,1,6.7412,5.1915,3.5127,-0.7618,31.1892,1,149.6152,0,4.9452,36.5581
489,1,1.9048,2.0025,-5.1697,11,3.6322,0,0.3939,-4.2859,375.4729,111.7291,1,0,77.579,117.5712,0,0,7.4426,4.1338,3.5097,0.1168,16.8303,0,178.2078,0,5.54,35.217
490,1,2.0244,2.0002,-0.8898,12,2.2181,0,0.5455,-6.4627,45.6866,59.9192,0,0,71.918,49.0879,0,0,7.9181,5.9672,2.2178,0.0005,0,0,76.9717,0,6.1566,66.3847
491,1,2.1731,1.9683,-0.1909,12,2.4276,0,0.5455,-9.4347,67.3872,58.8777,0,0,91.958,44.1075,0,0,8.3863,8.5808,2.1387,0.0086,0,0,75.0087,0,6.593,105.8261
492,1,2.0163,1.9971,16.7248,6,6.5685,0,0.383,-2.4982,952.2644,176.5532,2,0,87.3919,154.4594,1,0,7.5526,3.3714,7.0083,-0.7106,6.076,0,426.5,1,5.6359,41.6203
495,1,1.9604,2.0104,-1.3528,12,1.9563,0,0.5455,-5.7064,48.1113,59.4613,0,0,66.908,47.2948,0,0,7.8076,5.3138,2.2626,0.0025,30.3318,0,76.9796,0,6.0187,56.5774
496,1,2.0412,1.991,-0.6565,12,2.3962,0,0.5455,-7.2129,53.4685,60.0898,0,0,76.928,49.6689,0,0,8.0513,6.6206,2.2117,0,0,0,76.3256,0,6.2777,76.6434
497,1,1.9687,1.9622,111.5242,12,10.525,0.1925,0.3611,-4.8183,375.9361,208.4321,4,0,81.6703,118.6075,4,0,8.1741,3.0893,8.0074,-0.543,0,0,402.1281,0,6.4179,59.2077
498,1,2.1156,1.9909,-0.994,12,2.3962,0,0.5455,-7.2129,45.6866,60.0898,0,0,76.928,49.6689,0,0,8.0177,6.6206,2.2134,0,0,0,77.9471,0,6.2633,76.6434
500,1,2.2021,1.9825,-1.0974,12,2.4904,0,0.5455,-7.9578,45.6866,59.9731,0,0,81.938,49.0879,0,0,8.1158,7.274,2.206,0.0013,0,0,79.0421,0,6.3598,86.8429
502,0,2.3556,1.9372,7.3506,6,3.3753,0.0661,0.1935,-2.8331,270.7852,121.9355,1,0,63.3722,107.0508,1,0,6.761,1.8368,7.0083,-0.0378,0,0,202.8333,0,4.5413,29.1041
503,1,2.6268,1.9559,89.1104,6,8.0863,0,0.12,-5.4465,769.9899,243.28,4,2,97.2798,159.4896,3,0,7.706,4.8875,8.003,2.2839,0,0,444.1944,0,5.8606,46.6601
504,1,2.9902,1.9326,76.5199,6,6.1489,0,0.1538,-4.7162,582.7705,195.0769,2,2,77.2175,117.8889,2,0,7.3075,3.7203,8.003,2.1081,13.8475,0,435.0556,0,5.3198,37.5045
505,1,2.5337,1.9447,18.3271,6,4.7763,0.0963,0.1818,-4.9529,491.0274,124.8957,1,0,81.7615,111.9357,1,1,6.76,5.7691,7.0066,-1.2667,6.9237,0,203.0877,0,4.8089,37.7732
506,0,1.9589,2.0096,0.9794,12,2.9606,0,0.48,-2.1559,161.298,104.56,1,0,56.6154,84.1222,1,0,7.908,0.3275,7.0083,0.2696,18.1991,0,161.6667,0,6.1239,31.6781
507,1,2.0485,1.9911,-0.887,12,2.3962,0,0.5455,-7.2129,53.4685,60.0898,0,0,76.928,49.6689,0,0,8.052,6.6206,2.24,0,6.0664,0,76.2061,0,6.2777,76.6434
511,1,1.984,1.9812,1.7222,11,4.5525,0.0522,0.3611,-3.2024,513.0557,149.9986,1,0,75.601,124.6334,1,0,7.4406,3.1243,7.0083,0.3946,20.7712,0,256.7654,0,5.6145,35.3353
514,1,1.6865,1.993,6.5363,12,5.6272,0,0.3611,-5.0464,339.4096,156.6365,1,0,85.084,116.408,1,0,7.9437,4.726,7.0083,-0.0382,0,0,196.6327,0,6.0958,51.2106
515,0,1.6373,2.0195,8.18,11,2.7331,0,0.6087,-2.5903,154.2806,90.5121,1,0,58.9924,72.9225,1,0,6.9075,2.1821,7.0083,-0.1698,18.1991,0,140.3241,0,4.8486,34.4891
516,1,1.5072,2.0015,10.5483,12,5.5785,0.0362,0.4043,-5.4778,708.1815,178.9835,2,0,107.954,162.7877,1,0,8.1133,6.178,7.0083,0.0645,50.2485,0,396.9563,0,6.2561,55.7127
518,1,2.1391,1.9549,5.3852,6,6.2424,0,0.1463,-5.1625,455.8459,162.3921,1,0,83.238,125.9081,1,0,6.7192,4.1206,7.0083,0.098,0,0,223.1409,0,4.7216,42.4416
519,0,2.7385,1.9155,112.195,6,10.2302,0.1483,0.1818,-4.1047,353.8018,207.2593,3,0,68.8172,116.4259,3,0,7.2768,2.5233,8.0074,-0.8131,0,0,332.2577,0,5.6145,40.1226
523,0,2.3685,1.9347,14.6989,6,3.5067,0,0.3333,-3.245,48.2386,81.6049,1,0,52.3978,66.3038,1,0,6.5145,2.5052,7.0083,-0.7797,0,0,93.2512,0,4.3754,41.4979
525,1,2.6448,1.9276,5.0799,6,4.5954,0.1141,0.2222,-3.9198,218.229,117.348,1,0,70.13,87.8526,0,1,6.7218,4.1979,3.519,-1.2849,6.9237,1,114.7553,0,4.7067,39.2693
526,1,2.6517,1.9232,-1.8456,6,3.1095,0,0.3529,-3.6544,0,70.8279,0,0,49.6888,53.2222,0,0,6.1892,3.361,6.0028,-0.4753,0,0,61.5494,0,2.7842,43.3684
527,0,3.8288,1.8793,10.4184,0,4.5085,0,0,-0.9852,168.4023,129.3333,3,0,47.2724,82.0391,2,0,5.3375,-0.6419,7.0094,-0.1468,5.3168,0,181.9167,0,2.0794,24.5051
528,1,2.0061,1.9448,-0.3626,6,3.4136,0.1123,0.3913,-5.7355,27.0216,74.0483,0,0,68.999,77.7773,0,0,6.7056,4.9792,3.5099,-0.0233,0,0,86.6574,0,4.6757,50.9208
530,1,4.0231,1.8936,33.1593,0,6.3243,0,0,-0.7316,475.2305,196.7692,4,0,89.327,111.072,2,0,5.9322,3.0792,7.0094,0.9772,12.5115,0,241.1605,0,3.5264,44.8396
531,1,1.6891,2.0234,103.3011,18,8.8663,0.0451,0.4737,-5.723,509.5208,187.4737,1,0,87.557,113.3284,1,0,8.9758,4.7381,8.0074,-0.0586,18.1991,0,363.6111,0,7.1639,57.2212
532,1,1.827,2.0361,-4.6584,18,3.4503,0.0452,0.5588,-5.6996,302.1166,112.0799,0,0,87.0368,100.1651,0,0,8.447,4.0676,6.0026,-0.2485,12.1327,0,277.1944,0,6.6951,54.2969
533,1,1.884,1.9914,0.4128,12,2.1835,0,0.5652,-7.9019,140.6257,83.3484,0,0,91.458,55.6034,0,0,7.8616,7.2914,3.5111,-0.0295,30.3318,0,67.2357,0,5.9552,120.118
534,1,2.2999,1.9661,158.1321,12,12.6288,0.0404,0.35,-6.3896,709.7698,246.937,2,2,92.8868,152.4966,2,0,8.2536,5.3408,8.0093,1.573,0,0,545.107,0,6.38,50.5315
535,1,1.985,1.9685,16.5933,6,3.4836,0,0.1875,-3.3938,293.7952,110,1,0,60.9377,93.9721,1,0,6.2378,3.4253,7.0083,-0.0018,30.3318,0,165.0833,0,4.2758,33.7339
536,1,1.3893,2.0304,49.0749,18,6.2678,0.0632,0.3385,-8.0491,1161.1713,214.827,1,0,130.5135,174.9761,1,1,8.1221,8.6246,7.0066,-1.5771,36.3982,0,435.8035,0,6.2573,83.551
537,0,1.8596,1.9811,45.1718,12,6.0404,0.0766,0.4571,-4.2557,372.176,172.5453,3,0,81.9082,139.2602,3,0,7.5847,1.3524,7.0146,-0.9698,4.7221,0,276.4805,0,5.6073,39.5249
538,0,1.7899,1.9753,22.1358,6,2.6513,0,0.4545,-1.2056,107.4954,86,0,0,45.2965,61.3784,0,0,6.3319,-0.3897,4.0065,-0.9526,0,0,101,0,4.2749,30.9569
539,1,1.3556,2.0306,16.2164,15,6.5326,0,0.3902,-5.3382,456.1787,190.162,1,0,92.258,141.0725,1,0,8.6957,4.6039,7.0083,-0.1212,0,0,256.5298,0,6.9625,48.8637
540,1,1.5493,1.9879,14.7448,12,5.5465,0.0564,0.3878,-7.361,758.0251,187.618,1,0,130.392,172.8429,1,0,8.1038,7.461,7.0083,0.0489,44.1793,0,410.1157,0,6.2503,88.5401
541,1,1.4457,1.9986,221.1353,12,16.0922,0.0949,0.4237,-7.5859,895.8393,315.2203,4,0,125.6124,196.3078,0,0,8.6821,6.3818,8.0105,-0.2758,0,0,403.0833,0,6.701,78.3957
544,1,1.9266,1.9836,0.7105,12,2.1254,0,0.5652,-8.7996,145.991,84.8391,0,0,99.158,55.0224,0,0,7.9665,8.0539,3.5111,-0.051,24.2655,0,66.1905,0,6.0431,141.9463
548,0,2.0152,1.9566,12.283,6,3.5369,0,0.2609,-2.6362,163.5413,99.8733,2,0,54.5867,79.6774,1,0,6.7885,2.0299,7.0083,0.3083,0,0,87.358,0,4.7417,29.4169
553,1,1.5084,2.0549,0.2957,18,2.6794,0,0.6429,-5.9506,184.7509,96.425,0,0,78.514,74.6059,0,0,8.696,3.9074,3.1824,0.6066,36.3982,0,147.1728,0,6.8804,55.5692
554,0,1.916,1.9752,63.8449,12,6.5744,0.0751,0.4211,-3.4992,399.6905,184.4678,4,0,84.2475,150.6922,4,0,7.7087,1.302,7.015,-1.1269,0,0,538.3148,0,5.678,40.5987
555,0,1.9358,1.978,47.784,12,7.6304,0.0704,0.3902,-3.6985,486.9976,217.3604,4,0,88.2377,160.3754,4,0,7.8044,0.4856,7.015,-1.0932,0,0,514.5556,0,5.7664,42.662
556,1,1.3748,2.0355,20.6485,16,5.6035,0,0.4595,-4.505,328.3076,159.7658,1,0,88.7898,135.0983,1,0,8.8046,3.9274,7.0083,-0.4721,0,0,225.7006,0,7.0211,45.0515
558,1,1.9661,1.968,137.8652,12,13.247,0.0362,0.2826,-5.7259,749.2445,275.4686,3,1,101.1349,181.7801,3,0,8.4523,5.1677,8.0079,0.4338,0,0,652.3164,0,6.5174,50.44
559,1,2.4421,1.9276,11.2456,6,2.9839,0,0.2,-3.8328,231.2077,110.7872,1,0,66.3217,94.1872,1,0,6.6005,3.1594,7.0083,-0.0099,25.9802,0,140.7731,0,4.7067,31.799
560,0,2.3011,1.9368,20.1393,6,4.4186,0,0.2857,-2.2443,61.0468,101.2381,1,0,44.3431,73.2191,1,0,6.2226,1.6247,8.0019,-0.6259,0,0,122.2778,0,4.1231,23.587
562,1,1.5632,2.0297,7.7414,6,4.6553,0,0.4318,-3.8954,634.1209,149.2671,2,0,93.8857,144.6054,2,0,7.4191,4.9807,7.0094,-0.0166,31.1892,0,308.8498,0,5.5272,44.0913
563,1,1.6141,1.986,118.8889,12,11.955,0.0414,0.2766,-5.5121,584.6202,258.9362,1,0,91.712,165.0438,1,0,8.0519,5.0033,8.0074,-0.2508,6.9237,0,314.8194,0,6.1744,47.7802
564,0,1.9033,1.9735,49.8058,11,7.2608,0.0714,0.3947,-3.2657,421.9458,207.5789,4,0,86.1147,154.137,4,0,7.6553,0.5471,7.015,-1.2109,0,0,431.4043,0,5.7504,39.45
565,1,1.9155,1.9913,0.1388,12,2.919,0,0.5417,-6.5508,159.6268,92.0574,0,0,85.4228,66.0649,0,0,7.8486,6.2345,6.0028,-0.3943,24.2655,0,95.3889,0,5.9617,97.1546
566,0,2.3685,1.9317,12.1974,6,4.4755,0.0712,0.2222,-2.9832,205.7273,120,1,0,56.7782,94.8722,1,0,6.6156,1.9673,8.0019,-0.1528,0,0,185,0,4.4666,28.5772
568,0,2.0983,1.978,30.011,6,4.8979,0.0575,0.3235,-2.9506,417.2049,153.8824,3,0,69.119,126.2447,2,0,7.6676,1.0709,7.0094,-0.4912,13.8475,0,320.25,0,5.8333,30.2358
569,0,2.1034,1.9741,33.1217,6,5.2666,0.0515,0.275,-3.8848,552.548,173.1,3,0,78.497,142.2738,2,0,7.8957,1.6333,7.0094,-0.3892,20.7712,0,358.75,0,6.0815,32.7276
570,0,2.1259,1.973,17.4899,6,5.0328,0.051,0.2683,-4.404,666.6766,175.561,3,0,80.4412,137.395,2,0,7.843,2.0727,7.0094,-0.046,26.8376,0,343.4167,0,6.0776,34.4716
571,0,1.899,1.9919,-0.1253,6,3.7754,0.0643,0.4,-3.3782,288.1327,118.2403,1,0,61.735,95.9874,1,0,6.8719,2.64,7.0083,0.6646,38.1129,0,119.3817,0,4.9161,31.6919
573,1,1.4975,1.9876,124.3388,12,10.7656,0.0728,0.3529,-6.8103,655.3165,242.4319,2,0,107.163,175.9038,1,0,8.218,6.6624,8.0074,-0.0102,55.4547,0,423.2767,0,6.3656,54.2598
574,1,1.8738,1.9806,45.8219,12,8.6309,0.0653,0.3696,-4.0402,684.0153,241.7391,4,0,97.6957,175.301,4,0,7.7859,0.9319,7.015,-1.0075,4.7221,0,427.9213,0,5.8561,47.2045
575,0,1.9823,1.9726,85.6908,12,13.9494,0.0621,0.3721,-4.0186,682.1024,259.2713,4,0,92.4177,175.7456,4,0,8.0179,1.9764,8.0067,-2.1624,0,0,637.7222,0,6.1506,54.5401
576,1,1.5872,2.0264,2.5498,6,3.6044,0.1034,0.3261,-4.6807,685.1798,136.8696,0,0,80.666,124.4666,0,0,7.0927,4.2478,3.5108,0.284,0,0,247.4167,0,4.9347,39.7717
578,1,1.521,1.9884,119.6132,12,11.4109,0.0691,0.38,-5.716,735.2403,250.1728,2,0,108.156,181.16,1,0,8.17,6.544,8.0074,-0.1128,24.2683,0,482.3184,0,6.3011,56.797
581,1,1.9966,1.9864,103.4585,11,9.7504,0.0471,0.3421,-4.92,656.5572,202.8434,1,0,82.284,143.8724,0,0,8.13,4.5602,8.0074,-0.2806,6.9237,0,313.2361,0,6.2908,37.4582
586,0,1.9912,1.972,59.5598,12,8.6565,0.1282,0.3556,-4.0358,629.2189,242.879,5,0,96.44,177.5699,5,0,7.9461,0.1928,7.0169,-1.1849,0,0,630.9475,0,5.8578,45.9664
587,0,2.0274,1.9625,146.0179,12,13.9755,0.0914,0.3077,-4.7576,942.6281,315.2564,4,0,107.5627,212.1003,4,0,8.0951,1.4841,8.0074,-1.6004,5.3168,0,758.4722,0,6.1619,47.5299
588,0,1.7523,2.0448,64.7331,11,6.3729,0.0622,0.5833,-3.76,88.7398,114.5,0,0,57.1467,83.6746,0,0,8.321,2.8749,8.0046,-0.6934,6.0692,0,252.9167,0,6.6155,36.3239
589,0,2.1578,1.9612,112.0911,12,16.0611,0.072,0.3556,-3.7358,662.6329,279.7767,4,0,99.512,186.0747,4,0,8.1345,1.0005,8.0074,-2.525,0,0,589.1708,0,6.1952,51.1948
590,0,2.0533,1.9482,32.5673,6,5.0105,0.1538,0.2941,-3.4052,261.7392,150.1961,3,0,66.9628,109.9542,3,0,6.9403,1.8644,7.0146,-0.0986,6.9237,0,223.1111,0,4.9571,34.339
591,0,2.0548,1.9421,37.0377,6,5.1758,0.1455,0.2703,-3.4316,306.0891,158.3063,3,0,71.5578,117.4468,3,0,6.9867,2.2529,7.0146,-0.0861,6.9237,0,247.9074,0,4.9883,35.8181
593,1,2.0753,1.9335,40.3543,6,5.5411,0.1855,0.2703,-4.032,299.2661,159.8038,3,0,76.4478,119.8892,3,0,7.032,2.988,7.0146,-0.1011,0,0,263.1305,0,5.0185,39.3914
594,0,2.0766,1.9454,26.4813,6,4.6841,0.1481,0.3571,-3.4438,161.6914,133.6755,3,0,65.3088,94.9545,3,0,6.8926,1.9284,7.0146,-0.1448,0,0,193.5673,0,4.925,38.9982
596,1,2.0741,1.9568,68.9934,6,7.0759,0.1303,0.2821,-3.3091,440.654,201.5954,4,1,78.0922,133.2701,4,0,7.427,2.2428,8.0019,0.9504,0,0,352.1327,0,5.3979,39.0997
597,0,2.1286,1.9645,29.0408,6,4.9201,0.1404,0.3548,-3.7146,211.6399,141.6692,3,0,69.9258,102.2959,3,0,7.009,2.3185,7.0146,-0.1273,0,0,254.9006,0,5.0185,40.7879
598,1,2.192,1.9756,31.1049,6,5.1289,0.1333,0.3529,-3.9846,261.5884,148.7228,3,0,74.5428,108.92,3,0,7.0899,2.7086,7.0146,-0.1122,0,0,316.234,0,5.0763,43.0431
599,0,2.1286,1.9645,29.1667,6,5.1299,0.1501,0.3548,-3.5012,216.8679,140.1935,3,0,67.2358,102.2959,3,0,7.009,2.2094,7.0146,-0.1296,0,0,254.9917,0,5.0185,37.9113
600,1,2.1181,1.9596,38.4424,6,5.3286,0.1379,0.275,-3.7049,435.3603,163.9,3,0,76.1748,124.1222,3,0,7.0966,2.643,7.0146,-0.0751,6.9237,0,308.2407,0,5.0763,37.9046
601,0,2.1126,1.9663,34.2754,6,5.1758,0.1455,0.2973,-3.6796,350.6997,156.3063,3,0,71.5798,116.6919,3,0,7.0533,2.2545,7.0146,-0.0861,6.9237,0,283.6944,0,5.0479,36.4917
602,0,2.1576,1.9708,28.5395,6,4.8289,0.1633,0.3548,-2.7442,198.8353,139.4194,3,0,62.2258,95.0766,3,0,6.8567,1.556,7.0146,-0.1131,0,0,259.963,0,4.7659,38.422
605,1,1.9574,1.9835,0.0099,12,2.1254,0,0.5652,-8.7996,142.644,84.8391,0,0,99.158,55.0224,0,0,7.9489,8.0539,3.5111,-0.051,24.2655,0,65.6277,0,6.0371,141.9463
606,1,2.0084,1.9762,0.2464,12,2.017,0,0.5652,-9.6873,148.0093,86.192,0,0,106.858,53.2292,0,0,8.0484,8.8164,3.5111,-0.0714,18.1991,0,64.5825,0,6.1183,163.2063
607,0,1.8605,2.0352,2.7778,9,1.9479,0,0.3462,-3.6824,131.8913,86.1538,0,0,52.5007,82.1723,0,0,7.5114,2.3005,3.1758,0.6779,12.1327,0,102.75,0,6.0558,25.1339
608,0,2.0286,2.041,-2.9097,9,3.0945,0,0.6429,-2.3334,0,64,0,0,33.8467,43.7932,0,0,7.1628,1.097,8.0019,0.1579,0,0,23.5,0,5.8117,23.3265
609,0,2.0286,2.041,-0.8706,9,1.5494,0,0.6429,-2.6841,0,50.1728,0,0,38.8987,43.7932,0,0,7.1628,1.6113,3.1758,0.3456,12.1327,0,16.8457,0,5.8117,25.5021
610,0,2.0568,2.0233,-0.4705,9,1.6399,0,0.6429,-3.4695,0,48.4656,0,0,43.9087,45.303,0,0,7.3549,2.2647,3.1758,0.2504,0,0,19.2654,0,5.9544,33.3095
611,0,2.2243,1.9423,30.8292,6,3.2169,0,0.2308,-1.9434,112.3003,101.5385,1,0,50.7424,82.5599,1,0,6.3464,2.2675,7.0083,-0.2325,12.1327,0,141.1111,0,4.4666,27.6824
612,0,2.3144,1.9301,34.1521,6,3.3556,0.0761,0.2069,-2.3356,134.7078,111.0345,1,0,55.3534,89.5972,1,0,6.475,2.4416,7.0083,-0.1996,12.1327,0,162.4861,0,4.6757,30.2526
614,0,2.2256,1.9448,23.6791,6,2.7076,0,0.3529,-1.9814,13.4369,74.4031,1,0,44.3534,51.4869,1,0,6.0394,1.9066,7.0083,-0.4691,6.0664,0,82.6728,0,4.1231,32.7525
615,0,3.0437,1.9173,92.847,6,6.5233,0.0977,0.2,-2.5266,199.0656,188.5185,4,2,67.1876,99.9225,4,0,7.4158,0.9725,8.003,1.6902,0,0,398.3704,0,5.6145,39.3144
616,0,3.1233,1.9261,100.4937,6,7.2411,0.0874,0.1667,-3.3228,248.1495,211.6914,4,2,76.4216,117.2567,4,0,7.5902,1.7527,8.003,1.8765,0,0,423.3704,0,5.9196,40.4684
617,0,3.1458,1.9292,96.4659,6,7.536,0.0831,0.1538,-3.7196,387.4858,221.2194,4,2,81.0386,124.0176,4,0,7.6584,2.1428,8.003,1.9482,0,0,438.2037,0,6.0187,42.2829
618,1,3.1733,1.936,100.7967,6,8.0405,0.0755,0.1333,-4.5105,799.4981,237.5309,4,2,90.2726,140.913,4,0,7.767,2.923,8.003,2.0628,13.8475,0,460.537,0,6.0977,43.5908
619,0,2.1709,1.9511,5.8524,6,3.0633,0,0.2609,-2.2985,87.4962,97.3043,1,0,47.2977,72.5321,1,0,6.2008,1.6536,7.0083,-0.1031,0,0,111.8611,0,4.2019,25.9435
621,0,3.0237,1.7,0.0022,0,0.2977,0.1489,0,-2.3766,0,8.3062,0,0,26.143,3.6096,0,0,2.7726,2.5529,1.5248,-0.0697,0,0,0,0,0,20.2992
622,1,1.5122,2.1318,-1.2622,18,0.882,0,0.6,-5.6149,197.7919,84,0,0,78.96,45.6578,0,0,9.9178,5.1462,2.2781,0.0432,0,0,141.1111,1,8.1038,61.1347
623,1,2.203,1.9937,-0.0747,0,3.3898,0.14,0.4167,-6.5046,0,57.43,1,0,81.216,69.0196,0,0,7.0622,5.6828,1.9072,0.0024,0,0,61.3795,0,5.1475,80.7897
624,1,1.6012,2.0299,1.5483,12,1.8499,0,0.5385,-3.2937,215.3333,84,1,0,61.4724,59.1528,0,0,7.7683,3.6842,4.0052,0.1261,42.4646,0,85.3333,0,5.8443,43.6974
626,0,2.3238,1.683,1.2578,0,0.6854,0,0,0.0711,0,18.0988,1,0,22.4594,21.7744,0,0,2.6391,0.2924,4.0052,-0.2287,0,1,0,0,0,14.8769
628,0,2.2284,1.9476,17.9101,6,2.3124,0,0.4,-0.9672,0,60.9333,1,0,33.4013,35.3841,1,0,5.6901,1.3848,7.0083,-0.3133,0,0,61.6667,0,0,26.0446
632,0,1.633,1.6381,0.161,0,0.0006,0,0,-0.0066,0,7.4074,2,0,20.189,2.7549,0,0,2.4849,1.0181,2.5693,-0.0016,4.3141,2,0,0,0,15.6491
634,0,3.5412,1.7562,19.8426,0,0.5392,0.1348,0,-1.7749,0,41.037,1,1,27.2844,14.8966,1,0,3.5553,1.5908,8.0019,0.3016,0,0,0,0,0,38.3485
635,0,2.5395,1.7394,0.1141,0,1.4088,0,0,-1.8936,0,10.0202,0,0,26.035,20.544,0,0,2.7726,1.8525,2.0188,-0.0107,6.9237,0,0,0,0,23.7265
636,0,2.9935,1.7539,-0.0876,0,1.355,0,0,-2.434,0,10.0432,0,0,30.988,12,0,0,3.091,2.5938,1.5536,-0.0081,0,0,0,0,0,41
637,1,1.8695,2.0477,-0.7511,12,3.0857,0,0.4828,-4.37,175.5332,113.7931,2,0,68.8984,91.107,2,0,8.6236,2.3526,7.0094,-0.312,6.9237,0,314.1111,1,6.7906,42.3984
638,1,1.8308,2.073,-4.6667,12,2.5208,0,0.5833,-4.0381,68.7813,90,2,0,59.749,50.0391,2,0,8.4259,2.462,7.0094,0.0006,0,0,228.3333,1,6.593,48.2907
639,1,2.4296,1.9624,19.7911,6,5.4553,0,0.1429,-4.3713,583.5107,166.2857,2,0,76.823,115.4187,2,0,7.0001,3.6004,7.0094,0.1238,13.8475,0,351.25,0,4.903,42.9626
640,1,2.7872,1.9163,-0.2405,6,1.448,0,0.3333,-7.2704,0,56.8538,0,0,74.32,40.2297,0,0,6.3559,6.0615,2.0273,0,0,0,35.439,0,2.7842,111.9697
641,1,2.3877,1.9612,25.7564,6,7.4975,0,0.125,-4.4369,659.9878,215,3,0,87.782,140.1299,3,0,7.1578,3.1436,7.0104,0.075,13.8475,0,464.0278,0,5.101,48.6263
643,1,3.814,1.8153,-0.0907,0,0.893,0,0,-3.7594,0,24.9185,2,0,49.17,13.7095,0,0,4.6728,4.7574,1.9537,-0.0392,0,0,7.2434,0,0,56.2475
644,1,2.8183,1.9289,71.1329,6,5.8585,0,0.2069,-2.7687,133.8094,164.5517,2,2,60.1216,98.3521,2,0,7.0306,2.7221,8.003,1.6927,6.9237,0,297.5,0,5.1393,32.5926
646,1,1.9254,2.0658,-0.5,0,0.7875,0,0.3571,-2.1655,0,32.7143,0,0,43.916,33.5473,0,0,5.0876,3.3668,1.6964,0.0372,0,0,80.5,0,2.7081,35.426
647,0,2.2968,1.9582,0.4832,6,1.2062,0,0.2308,-2.541,40.3108,61.3846,0,0,50.003,61.7729,0,0,5.8392,2.5328,2.2798,0.1723,6.0664,0,112,0,3.446,30.493
648,1,1.7997,2.0495,-1.8402,12,0.6682,0,0.5455,-3.3843,41.1091,56.3636,0,0,51.878,29.6689,0,0,7.4176,3.3536,2.2874,0.0186,12.1327,0,75.3333,0,5.6145,39.9672
649,1,1.909,2.0287,1.7108,10,1.7209,0,0.4348,-3.3431,78.2525,79.8261,1,0,53.9525,55.2292,1,0,7.9838,3.0424,7.0083,0.0076,42.4646,0,101,0,6.3365,37.5766
650,0,2.4746,1.9274,19.412,6,4.1591,0,0.2727,-3.4935,75.2602,96.1886,1,0,59.1978,76.5977,1,0,6.6141,3.4987,7.0083,-0.4718,0,0,104.2615,0,4.6024,43.1701
652,0,1.6811,2.0185,6.3096,12,2.4754,0,0.5185,-2.8681,251.332,95.4074,1,0,63.6798,75.079,0,0,7.8721,2.6614,4.0065,-0.2923,30.3318,0,115.6667,0,5.942,40.845
653,0,2.2794,1.9417,1.0288,6,0.5444,0,0.3333,-2.4967,0,43.1111,0,0,35.916,39.5489,0,0,5.3841,2.3034,2.2632,0,0,0,38,0,0,25.1248
654,0,2.3462,1.9313,1.5297,6,1.5967,0,0.4286,-2.8056,0,38.5608,0,0,40.8744,37.7932,0,0,5.6114,2.5756,4.0052,-0.32,0,0,15.7531,0,0,32.7866
655,1,2.462,1.9225,0.6382,6,2.0614,0,0.4615,-3.3719,0,42.6268,0,0,43.1368,34.5959,0,0,5.8238,3.3524,6.0028,-0.3838,0,0,14.8973,0,0,43.771
656,0,2.2284,1.9476,-0.8449,6,1.6586,0,0.3158,-1.4542,0,54.7368,0,0,37.0758,49.4913,0,0,5.5349,1.7399,6.0026,-0.1947,30.3318,0,63.3333,0,0,25.669
657,1,2.5329,1.9232,29.1414,6,2.8826,0,0.375,-2.9812,0,74.642,1,1,47.5288,52,1,0,6.2759,2.4838,8.0019,0.4275,0,0,82.0617,0,0,35.25
658,0,2.2599,1.9386,22.6667,6,2.5064,0,0.3333,-1.5215,20.1554,74,1,0,38.1383,54.3038,1,0,5.8985,1.6932,7.0083,-0.2778,6.9237,0,70,0,0,24.2924
660,0,2.125,1.9616,-0.8622,6,0.9264,0,0.3529,-2.0115,0,44.1176,0,0,35.9887,41.5127,0,0,5.3462,1.7283,2.5358,-0.0282,37.3795,0,34.5,0,0,24.3083
661,1,2.0557,1.9615,11.2181,6,3.6664,0,0.24,-3.661,167.6238,98.482,1,0,64.9187,90.0964,1,0,6.631,3.1307,7.0083,-0.2164,0,0,138.5854,0,4.667,33.381
662,0,1.6812,2.0205,3.107,12,1.6653,0,0.4483,-3.3946,188.0242,78.5517,0,0,64.5148,76.8814,0,0,7.5623,2.4418,4.0064,-0.4323,48.5309,0,105.5556,0,5.6684,41.9272
663,1,3.6963,1.9288,21.7958,0,6.4884,0,0,-6.5171,1059.8965,181.9412,2,0,106.998,134.2509,2,0,5.743,6.066,7.0094,0.2369,0,0,386.2778,0,3.2189,60.1757
665,0,2.1713,1.9448,9.2537,6,2.1024,0,0.2727,-2.547,71.1193,79.0909,1,0,45.4827,64.5977,1,0,6.0326,1.9534,7.0083,-0.0814,31.1892,0,93.7778,0,3.8408,26.2538
667,0,2.1924,1.9416,1.2528,6,1.5571,0,0.4615,-2.0643,0,43.988,0,0,35.8068,32.1057,0,0,5.3733,2.1547,6.0028,-0.28,0,0,12.0556,0,0,30.5903
668,0,2.1924,1.9416,1.2287,6,1.2758,0,0.4286,-2.0084,0,37.2205,0,0,35.8644,35.303,0,0,5.3733,1.9222,4.0052,-0.2687,0,0,14.716,0,0,25.0513
669,0,1.9747,1.7178,-0.1907,0,1.2302,0,0,-1.8404,0,5.3519,0,0,21.44,12,0,0,2.3979,1.464,1.6418,-0.0046,0,0,0,0,0,25
674,0,2.4475,1.8334,-2.2417,0,2.4846,0,0,-2.4469,0,37.0782,0,0,32.259,28.6034,0,0,3.3673,1.4806,3.51,0.0469,0,0,23.4198,0,0,28.433
677,1,2.1722,1.9749,-2.8364,12,3.7336,0.0917,0.4483,-6.2513,137.0831,84.4266,0,0,86.1928,82.1266,0,0,7.7905,5.5995,6.0026,-0.2983,0,0,181.1975,0,5.942,64.9204
678,1,2.165,2.0017,-3.7976,6,2.6762,0,0.5556,-3.8881,0,68.7791,3,0,53.835,49.0587,2,0,7.5469,2.7548,7.0094,0.0066,0,0,136.1235,0,5.7027,43.7922
679,1,1.818,2.029,-3.2847,12,1.7333,0,0.5417,-3.3485,118.2293,78,1,0,56.3165,41.6005,1,0,7.3808,2.9176,7.0083,0.0069,60.6637,0,124.6667,0,5.4329,43.098
681,0,2.2284,1.9476,0.2633,6,1.0231,0,0.3,-1.7031,0,54.2,0,0,40.769,45.7095,0,0,5.5349,1.7526,2.2806,0.1556,32.2944,0,56,0,0,27.4221
682,0,2.3288,1.9423,35.9412,6,3.8021,0,0.2857,-2.1855,76.9824,109.2381,2,1,47.4001,69.4838,2,0,6.4892,1.5532,8.0019,0.7801,0,0,163.1111,0,4.343,28.5062
684,0,2.3238,1.683,-0.0247,0,0.5975,0,0,-2.2551,0,6.0477,0,0,27.495,9.6096,0,0,2.3979,2.2986,1.4815,-0.0104,0,0,0,0,0,48.1592
685,1,1.3798,2.1464,-4.6377,22,2.9001,0,0.6316,-7.5838,345.6644,129.4737,2,0,101.685,76.1629,2,0,10.4048,5.2626,7.0094,0.0089,72.7964,0,363.5556,1,8.4972,80.783
686,1,1.7616,2.1117,-2.4768,13,0.6155,0,0.619,-3.8069,20.1554,57.6931,0,0,59.331,40.2387,0,0,8.8296,4.0545,2.2707,0.0204,11.3368,0,62.2963,1,7.2698,40.8032
687,0,2.5961,1.923,20.8555,6,3.0029,0,0.3529,-2.3476,0,67.6296,1,0,47.8337,59.4869,1,0,6.2891,2.2738,7.0083,-0.8598,0,0,118.675,0,3.1689,32.6188
688,1,3.4466,1.8574,-0.3816,0,2.1238,0,0,-0.8399,221.4828,63.2991,2,0,67.752,57.0769,0,0,4.7622,2.0583,2.1718,0.2677,57.4965,2,22.284,0,1.6094,48.06
690,1,1.6145,2.0897,0.4586,14,1.5357,0,0.6667,-3.4217,70.6735,71.6614,0,0,57.2017,64.7289,0,0,8.4534,2.6864,3.0402,-0.1225,35.1561,0,65.142,0,6.8735,32.4742
691,0,2.2317,1.9499,0.0933,6,2.503,0,0.3529,-1.3001,0,69.7647,0,0,34.6588,46.732,0,0,5.5835,1.4008,6.0028,-0.2529,0,0,52,0,0,24.9664
692,1,1.3363,2.1733,-1.5808,24,1.0832,0,0.6316,-7.8027,328.494,109.0526,0,0,105.158,59.596,0,0,11.0604,6.8904,2.2774,0.0611,0,0,244.5556,1,9.0903,82.4228
693,1,1.677,2.1475,-1.7666,16,0.7538,0,0.6154,-5.0741,40.3108,73.8462,0,0,68.378,40.2631,0,0,9.4379,4.4872,2.2699,0.0399,0,0,123,1,7.7088,54.6885
695,1,3.7094,1.887,11.3637,0,4.2801,0.1304,0,-2.6228,353.9988,99.4194,1,0,66.488,69.4897,0,1,4.7791,3.0536,3.5167,-1.1433,25.6094,1,139.2152,0,1.6094,37.7083
697,1,2.5184,1.9334,20.8261,6,3.9008,0,0.1765,-3.1158,244.4398,136.4706,1,0,65.3267,101.6155,1,0,6.7685,2.0876,7.0083,0.047,44.9755,0,219.7778,0,5.104,29.844
699,1,6.9134,1.8372,-140.5073,0,14.9985,0.4056,0,-4.8032,466.2904,94,1,0,53.2668,59.6379,1,0,6.25,5.7157,8.0226,-2.3094,0,0,2150.5,0,3.6109,101.9725
700,0,1.7997,2.0495,-2.2222,12,1.2946,0,0.6,-2.9438,41.1091,65.8,0,0,47.468,40.9288,0,0,7.4176,2.1436,3.0419,0.0758,36.3982,0,70.3333,0,5.6145,35.6127
701,1,1.6202,2.0524,-1.5788,16,4.3933,0,0.5517,-3.772,228.7984,117.1724,1,0,71.2496,83.7202,1,0,9.114,2.8712,7.0083,-0.7011,0,0,206.2222,0,7.335,46.5583
703,1,1.5392,2.0644,3.5562,12,3.9359,0,0.5,-3.0512,246.2011,118,0,0,68.1536,98.3325,0,0,7.9701,2.8165,6.0039,-0.4847,18.1991,0,166.0556,0,6.0404,42.92
704,0,2.2256,1.9448,9.3648,6,2.1024,0,0.2727,-2.547,80.6216,79.0909,1,0,45.4827,64.5977,1,0,6.0394,1.9534,7.0083,-0.0814,31.1892,0,98.3333,0,4.1231,26.2538
705,0,2.1906,1.77,-0.7494,0,1.2306,0,0,-1.5448,0,13.0645,1,0,25.713,24.5293,0,0,3.091,1.9777,2.2144,-0.0036,0,0,0,0,0,20.2439
706,0,1.9747,1.7178,-1.549,0,0.5684,0,0,-0.3273,0,26.1905,2,0,20.95,14.8966,0,0,2.9957,0.719,3.083,0.0287,0,1,0,0,0,15.6084
707,0,2.396,1.9385,27.2302,6,2.3654,0,0.4286,-2.6563,0,69.9063,1,1,40.7964,37.303,1,0,5.9239,2.3573,8.0019,1.0089,0,0,63.7315,0,3.1689,33.4956
710,1,2.4873,1.9225,2.3007,6,2.0614,0,0.4615,-3.3719,0,42.6268,0,0,43.1368,34.5959,0,0,5.8254,3.3524,6.0028,-0.3838,0,0,15.1235,0,0,43.771
711,0,2.3206,1.9418,1.8411,6,2.1024,0,0.2727,-1.6803,40.3108,81.0909,1,0,44.4595,57.3784,1,0,5.9612,1.3884,7.0083,0.0896,30.3318,0,87.6667,0,3.446,29.317
712,1,2.6417,1.9384,62.016,6,5.7172,0,0.24,-2.4458,207.4854,150.96,3,2,55.7073,86.977,3,0,7.0872,1.6797,8.003,1.6581,0,0,271,0,5.2291,34.368
714,1,2.5158,1.9225,0.7166,6,1.7859,0,0.4286,-3.5877,0,39.4497,0,0,45.8844,37.7932,0,0,5.8307,3.229,4.0052,-0.3713,0,0,16.0988,0,0,42.8119
715,0,2.4024,1.9368,35.9259,6,3.458,0,0.3333,-1.3808,0,91.1111,2,1,41.6143,57.0587,2,0,6.3685,0.6937,8.0019,0.5016,0,0,137,0,3.8408,27.1793
716,0,2.3884,1.9616,14.7658,6,3.7043,0,0.2069,-3.0998,311.9346,122.5517,0,0,54.7064,78.0208,0,0,6.4277,0.7438,3.5138,-0.2302,13.8475,0,133.6667,0,4.235,31.0419
717,1,1.8228,2.0718,19.2346,14,2.6996,0,0.5185,-3.7674,82.2182,95.6296,1,0,68.4133,59.7137,1,0,9.2567,3.6912,7.0083,-0.2602,54.5973,0,254.3333,1,7.5573,50.8511
718,0,2.2256,1.9448,17.0579,6,4.1346,0,0.3333,-1.6968,13.4369,86.4444,1,0,39.6061,54.3038,1,0,6.0394,1.3163,8.0019,-0.7207,0,0,111.1667,0,4.1231,26.1457
719,1,1.537,2.0679,-1.4434,16,2.5672,0,0.5806,-4.452,351.1272,104.8387,1,0,76.2308,71.4726,0,0,8.8123,4.9608,6.0028,0.1301,60.6637,0,164.7778,0,7.0096,52.9322
720,0,3.4454,1.8682,15.2209,0,4.038,0.15,0,-1.9838,171.4979,93.2876,1,0,57.0815,61.0237,1,1,4.4998,2.8736,7.0066,-1.2567,11.7619,0,93.6343,0,1.0986,31.9369
721,0,2.3774,1.9347,-13.7209,5,5.1219,0.1158,0.1852,-1.112,213.3322,143.6882,2,0,68.82,83.5733,1,1,6.5304,1.5214,7.0083,-0.6501,0,1,115.8883,0,4.5591,36.1435
722,1,2.734,1.931,31.2718,6,5.6675,0.0981,0.2143,-4.6117,266.2595,132.8078,2,0,78.0115,95.5864,1,1,7.0636,5.6015,7.0066,-1.8908,0,0,163.9383,0,5.136,56.6702
723,1,2.4149,1.9551,-1.1556,0,2.5975,0,0.1714,-2.3035,342.3336,82.1079,1,0,62.781,73.6766,1,0,5.1874,3.5141,7.0083,0.1478,6.9237,0,198.2315,0,2.5649,32.2091
724,0,1.9155,1.9054,-5.9012,0,2.3107,0,0.5,0.1043,0,57.6667,0,0,19.48,21.5098,0,0,3.7842,-0.216,3.5115,-0.0331,0,0,4,0,0,20.2331
725,0,1.9846,1.9965,21.0848,6,4.313,0.0676,0.2903,-3.1335,261.5388,136.8387,1,0,59.9367,102.0166,1,0,7.2151,2.1183,7.0083,-0.0759,25.9802,0,183.1667,0,5.6206,28.7126
726,1,2.4692,1.9458,20.4796,6,4.0071,0,0.1714,-3.165,442.5182,136.7429,0,0,63.8964,89.2831,0,0,6.6699,1.5208,3.5138,-0.0782,27.6949,0,173.3333,0,4.8397,35.9348
727,1,2.2442,1.9547,14.9445,6,4.0219,0,0.1622,-6.3092,384.6506,137.1482,1,0,85.568,114.5368,1,0,7.056,5.3492,7.0083,0.0554,6.0692,0,195.7037,0,5.0791,49.7778
729,1,1.8143,1.9923,29.0086,12,4.1336,0,0.52,-5.5818,179.8593,107.4637,1,1,74.6424,73.5671,1,0,7.9506,5.3473,8.0019,0.9159,0,0,129.2222,0,6.031,56.4523
731,0,2.7008,1.9165,17.1862,6,2.765,0,0.375,-2.8947,0,64.3704,1,0,50.6387,55.2451,1,0,6.45,2.3222,7.0083,-1.1891,0,0,111.9178,0,3.1689,42.0938
733,0,2.2256,1.9448,17.245,6,2.5019,0,0.3333,-2.0437,13.4369,66.3182,1,0,44.6581,54.3038,1,0,6.0394,1.8306,7.0083,-0.5599,0,0,86.7675,0,4.1231,27.999
734,0,2.3682,1.9396,19.0833,6,3.7642,0,0.1935,-2.576,201.7341,127.3548,1,0,60.5897,96.2959,1,0,6.62,1.7792,7.0083,0.0046,38.0517,0,176.7778,0,4.9002,28.825
735,1,7.0789,1.8393,-156.2055,0,16.3716,0.411,0,-5.3495,581.7669,100.1714,1,0,58.2138,63.2862,1,0,6.4003,6.351,8.0246,-2.3258,0,0,2448.0625,0,3.8286,112.0625
736,1,2.2947,1.968,-0.4049,12,2.4276,0,0.5455,-9.4347,50.2641,58.8777,0,0,91.958,44.1075,0,0,8.3216,8.5808,2.1289,0.0086,0,0,78.1494,0,6.5505,105.8261
737,0,2.4489,1.9282,107.5795,6,8.5569,0.0715,0.2222,-2.797,205.8616,164.6667,1,0,54.1497,90.1173,1,0,6.7003,2.7989,8.0074,-0.4784,0,0,231.0833,0,4.7067,35.4454
739,1,1.7883,1.992,28.4313,6,5.7471,0.0429,0.26,-3.8952,660.4378,182.9422,1,0,95.8264,157.1993,1,0,7.2668,3.9192,7.0067,0.0483,12.1327,0,336.4594,0,5.2794,43.5703
740,0,1.9756,1.9642,11.6915,6,3.2656,0,0.2609,-1.8597,161.1166,99.8261,2,0,49.5767,72.1676,1,0,6.613,1.3765,7.0083,0.3825,30.3318,0,88,0,4.6164,29.3599
741,1,2.3523,1.9247,0.2668,5,2.7714,0.0756,0.2941,-3.3568,81.0648,73.2593,0,0,50.315,53.1223,0,0,5.7932,2.7635,3.5107,-0.2263,6.9237,0,45.6157,0,2.4092,41.4687
742,1,1.5746,2.1163,-0.7708,18,1.3175,0,0.5625,-5.4064,226.2261,92,0,0,83.3724,66.3827,0,0,9.9906,4.7284,4.0052,-0.1909,6.0664,0,195.7778,1,8.1761,59.6097
743,1,2.414,1.9344,20.75,6,3.3556,0,0.2069,-3.3877,214.9835,117.0345,1,0,55.7367,84.3521,1,0,6.502,2.3301,7.0083,-0.0286,32.9039,0,162.1111,0,4.5413,29.271
744,1,2.3978,1.9516,12.7885,6,4.2132,0.1091,0.1765,-3.3089,416.2533,123.5338,1,0,76.388,102.868,0,1,6.6889,4.0848,3.5169,-1.1669,44.3687,1,167.6337,0,4.9127,37.6054
745,0,2.6481,1.923,16.0243,6,3.223,0,0.375,-2.1317,0,66.642,1,0,45.0861,52,1,0,6.3022,2.3972,7.0083,-0.9075,0,0,94.3294,0,3.8408,35.75
747,1,2.4634,1.9435,11.9856,6,3.2629,0,0.24,-4.7335,197.87,109.8066,1,0,67.1,88.4449,1,0,6.9593,3.7888,7.0083,-0.014,12.993,0,141.7037,0,4.9845,43.6584
748,1,3.1478,1.9335,105.8659,6,7.8004,0.0791,0.1429,-4.1154,660.1618,229.7672,4,2,85.6556,134.2356,4,0,7.6999,2.5329,8.003,2.0096,13.8475,0,445.7037,0,6.0064,41.7931
749,0,1.7841,2.0164,5.7236,6,3.2431,0,0.4828,-2.9655,283.4577,110.7969,2,0,66.1817,98.0107,1,0,6.8632,2.62,7.0083,-0.069,37.2556,0,174.6759,0,4.9358,32.505
750,0,2.0686,1.9637,14.5102,6,3.2169,0,0.2308,-2.5764,197.369,99.5385,1,0,51.7037,79.3407,1,0,6.1506,2.6451,7.0083,-0.0615,37.2556,0,136.5,0,4.2186,29.3394
753,0,2.3215,1.9432,5.5413,6,3.4047,0,0.2609,-3.0794,87.4962,98.2791,1,0,52.3077,79.0224,1,0,6.3792,2.307,7.0083,-0.1617,0,0,111.1656,0,4.4953,26.2276
755,0,2.3253,1.9408,43.8285,6,7.14,0.1,0.15,-2.2386,481.1384,196.0481,3,0,77.4155,129.7519,2,1,6.8306,3.6121,7.0088,-1.7506,30.3318,0,292.2176,0,4.645,41.1874
756,0,1.4836,2.1092,-6.916,14,6.1865,0,0.5556,-3.8648,509.4511,166,2,0,85.5888,132.6334,1,0,10.0581,3.0064,7.0083,-0.6156,6.076,0,319.1389,1,8.2429,44.4542
757,0,1.8046,2.0217,12.4286,9,3.4066,0,0.3913,-2.4364,109.9068,103.2174,1,0,52.1214,79.287,1,0,7.731,1.7412,7.0083,-0.5091,24.2655,0,104,0,6.2506,28.7647
759,0,4.5357,1.8731,38.9882,0,6.9722,0.1139,0,-1.8461,470.5651,178.0727,3,0,69.1905,104.0392,2,1,5.7268,2.7426,7.0088,-1.7418,13.8475,0,267.2438,0,3.2189,33.4626
761,1,1.7841,2.0164,1.7426,12,2.1139,0,0.5385,-4.4795,199.2669,88.3506,1,0,73.5542,65.1528,1,0,7.347,3.5435,7.0083,-0.0912,54.5973,0,139.5913,0,5.376,50.1901
763,1,2.2875,1.9414,14.2639,6,3.3719,0,0.3,-3.3109,87.0794,86.3556,1,0,51.5457,68.1739,1,0,6.3362,2.7116,7.0083,-0.2919,0,0,84.5761,0,4.3647,34.21
764,1,2.0644,1.9671,24.2967,11,5.7546,0.0466,0.275,-5.1322,588.5059,175.2049,1,0,86.584,129.2675,1,0,8.3975,4.217,7.0083,0.3808,34.6187,0,258.1965,0,6.6182,42.5217
766,0,2.469,1.9396,14.5532,6,3.3707,0.0657,0.2069,-3.7078,206.9018,119.8791,0,0,62.3154,87.3179,0,0,6.7926,1.6709,6.0273,-0.3214,6.9237,0,157.517,0,5.0185,34.531
767,1,1.9846,1.9965,23.9229,6,4.9924,0.0691,0.3103,-2.5951,240.9272,145.8621,1,0,56.8607,94.0875,1,0,7.2151,1.9121,7.0083,-0.2661,0,0,175.5,0,5.6206,32.4054
768,1,2.6747,1.9466,20.9411,6,5.6989,0.0949,0.1333,-3.807,767.081,175.7174,1,0,88.495,127.0915,0,1,7.1375,3.3075,3.517,-1.0305,25.6711,1,264.9105,0,5.45,39.0097
769,0,2.3685,1.9317,8.5755,6,2.6934,0.0671,0.2222,-3.3215,201.4024,95.0599,1,0,61.8302,94.8722,1,0,6.6156,2.4816,7.0083,-0.0992,0,0,173.9095,0,4.4666,29.9861
770,0,2.4322,1.9425,23.0871,6,4.4357,0.1071,0.1538,-3.2947,657.2625,131.0795,1,0,77.7855,106.9114,1,1,6.5239,4.8779,7.0066,-1.2332,58.0268,0,243.8519,0,4.4795,42.8874
771,1,2.2763,1.9487,180.4289,6,11.6374,0.0481,0.275,-4.4954,723.9906,252,2,2,79.9808,133.3095,2,0,7.6886,4.1482,8.0086,1.8122,0,0,500.6111,0,5.9043,44.762
772,1,2.0056,1.9827,95.2828,12,8.5392,0.0549,0.4138,-4.4236,254.1139,160.9979,1,0,69.3927,109.762,1,0,8.353,2.9464,8.0074,-0.3198,0,0,279.7809,0,6.5174,38.9015
773,1,2.1807,1.9513,-1.7364,6,2.9647,0,0.1875,-3.7962,322.0813,98.321,1,0,71.064,96.9804,1,0,6.4968,4.035,7.0083,0.0999,43.0129,0,152.6173,0,4.4921,34.1177
774,1,2.6419,1.9408,15.1158,6,5.4162,0.1049,0.1538,-3.0129,578.0791,166.8344,1,0,79.261,115.4201,0,1,7.0129,2.5273,3.5191,-1.1118,25.6711,1,216.7994,0,5.3483,34.543
775,1,2.4754,1.931,-0.6204,6,2.4201,0,0.4,-3.8562,0,62.7407,0,0,45.819,47.0936,0,0,6.0013,3.0504,3.5136,-0.1423,0,0,29.5825,0,2.151,40.1462
776,1,1.9284,1.9652,4.8882,6,6.4138,0,0.1364,-5.9319,515.7946,165.4882,1,0,87.877,131.2397,1,0,6.6042,4.5123,7.0083,0.1323,0,0,232.2099,0,4.3361,45.3209
777,0,2.2256,1.9448,27.4466,6,2.8881,0,0.3,-1.4912,53.7477,86,1,0,41.3904,63.6837,1,0,6.0394,1.4525,7.0083,-0.3281,12.9901,0,104.6667,0,4.1231,25.0553
778,1,3.0821,1.9408,77.5863,6,6.5035,0,0.1333,-4.6468,668.277,209.6444,2,2,86.6348,128.1398,2,0,7.472,4.2528,8.003,2.3704,27.6949,0,439,0,5.6145,42.0014
779,1,1.5159,2.0485,40.513,24,5.8201,0.0947,0.5263,-6.881,1432.4068,206.3578,1,0,126.7715,141.988,1,1,8.3472,7.4272,7.0066,-1.6295,103.9856,0,533.25,0,6.4659,87.5598
780,1,1.7674,1.9898,5.6569,12,7.3126,0,0.5333,-5.0144,262.1126,143.6477,2,0,74.2949,97.9037,2,0,7.3988,3.5801,8.003,-0.6262,5.3168,0,246.5864,0,5.3825,47.8406
781,1,2.1225,1.9828,-0.2003,12,2.4904,0,0.5455,-7.9578,50.2641,59.9731,0,0,81.938,49.0879,0,0,8.1437,7.274,2.169,0.0013,0,0,76.3009,0,6.3598,86.8429
782,1,2.0344,1.9755,14.4563,6,5.414,0,0.3235,-3.2527,287.8714,154.0799,3,0,79.7177,122.1797,3,0,7.4621,2.88,7.0104,-0.317,0,0,310.0514,0,5.7293,42.189
783,0,3.8938,1.8607,-2.2114,0,3.056,0,0,-2.1541,26.8739,72.2544,3,0,52.468,68.9225,1,0,4.7449,1.9907,7.0083,0.0509,0,0,140.8642,0,0,32.1854
784,1,2.069,1.9829,-0.8834,12,2.4904,0,0.5455,-7.9578,61.2503,59.9731,0,0,81.938,49.0879,0,0,8.1829,7.274,2.2099,0.0013,0,0,75.4405,0,6.3857,86.8429
786,1,1.7622,2.0097,0.5752,12,2.1492,0,0.5652,-6.0671,133.6353,79.9531,0,0,76.058,53.2292,0,0,7.6582,5.7664,3.5111,0.0168,42.4646,0,70,0,5.776,77.9894
787,0,2.5559,1.933,19.3446,5,5.6148,0.1081,0.1429,-2.486,455.5487,154.0437,1,0,73.582,98.038,0,1,6.5888,3.1887,3.517,-0.9053,27.6949,1,177.9401,0,4.5353,37.7148
788,1,2.1247,1.9768,11.3577,6,4.4071,0.0566,0.4074,-3.6771,196.733,121.6059,3,0,69.031,97.3624,2,0,7.3721,3.4213,7.0094,-0.1181,0,0,224.3292,0,5.6625,37.5725
790,1,2.2053,1.9746,-0.5334,12,2.5009,0,0.5455,-8.6982,55.7572,59.569,0,0,86.948,47.2948,0,0,8.2381,7.9274,2.2108,0.0041,0,0,77.0296,0,6.4597,96.6367
791,1,1.984,1.9812,-0.1175,11,4.7249,0.0522,0.3421,-2.7264,542.6175,145.744,0,0,76.6008,133.1028,0,0,7.3927,2.9161,6.0026,0.1794,20.7712,0,270.0988,0,5.551,35.0243
792,0,2.3707,1.9173,16.3057,5,4.1592,0.0728,0.1562,-2.4158,247.699,137.875,1,0,57.9087,94.6418,1,0,6.2908,2.0656,7.0083,0.5662,20.7712,0,160.8333,0,4.2749,27.2301
793,0,2.9501,1.937,5.064,6,5.7154,0,0.1463,-3.0453,555.3501,181.2195,2,0,76.756,127.0912,2,0,7.0114,1.8443,7.0094,0.1325,32.0466,0,435.75,0,5.0895,33.945
794,1,2.1317,1.9826,-1.1875,12,1.4475,0,0.5455,-9.0813,51.0533,70.0711,0,0,98.078,49.0879,0,0,8.1311,7.9286,2.1643,0.0001,24.2655,0,69.8254,0,6.3058,142.0545
795,1,1.7332,2.0315,2.7023,11,5.075,0.0463,0.4359,-4.6662,559.262,151.9228,0,0,83.895,138.7466,0,0,7.7637,3.6534,3.5151,0.4057,6.0664,0,256.8899,0,5.9384,38.9155
796,1,1.5208,2.0007,14.6296,12,4.9459,0.0806,0.3878,-5.2029,742.3606,189.9592,1,0,98.456,152.7592,1,0,8.0516,5.269,7.0083,0.1452,30.3318,0,434.9167,0,6.222,54.1112
798,1,1.7879,1.9866,2.1577,11,5.3739,0,0.4103,-4.9914,512.1089,152.9231,1,0,91.852,142.9575,1,0,7.1778,4.6024,7.0083,0.0099,6.9237,0,241.1821,0,4.9558,43.9995
799,0,2.5158,1.9309,14.8709,6,2.1896,0,0.3333,-2.0513,40.3108,68.1372,0,0,47.6478,58.3038,0,0,6.0071,1.0163,4.0065,-0.768,6.2558,0,74.679,0,2.7842,27.678
800,1,2.0163,1.9971,16.7248,6,6.5685,0,0.383,-2.4982,952.2644,176.5532,2,0,87.3919,154.4594,1,0,7.5526,3.3714,7.0083,-0.7106,6.076,0,426.5,1,5.6359,41.6203
801,1,2.1375,1.9719,16.9722,6,6.1255,0.05,0.3438,-3.6893,283.124,163.2454,3,0,75.467,113.7353,3,0,7.5082,2.7984,7.0104,-0.2791,0,0,325.9126,0,5.7718,43.6259
802,0,1.9343,1.9763,50.9655,12,6.8646,0.0718,0.3902,-4.1919,462.4088,203.8645,4,0,88.6277,157.911,4,0,7.7578,1.3904,7.015,-0.743,4.7221,0,503.3889,0,5.7432,41.2704
803,0,1.7623,2.0307,-3.0167,17,7.1819,0.0495,0.5429,-3.9835,372.361,160.6857,0,0,75.8208,114.3056,0,0,8.2157,2.4924,8.003,-0.1569,0,0,364.1111,0,6.4151,46.8211
806,0,2.3685,1.9317,8.3959,6,2.4552,0.062,0.2222,-3.5519,199.2935,96.3473,1,0,64.5202,94.8722,1,0,6.6156,2.5907,7.0083,-0.0954,12.1327,0,173.4414,0,4.4666,33.156
809,1,1.7103,2.0308,10.4337,17,7.0035,0.1134,0.5135,-4.994,386.4748,165.8859,0,0,83.708,117.9209,0,0,8.2447,1.9885,8.003,0.3251,24.2655,0,267.9784,0,6.4026,47.8466
810,0,1.9405,1.9789,45.4678,12,7.7512,0.0659,0.381,-4.5245,605.6052,212.1717,4,0,95.3327,169.2581,4,0,7.8329,1.8257,7.015,-0.9922,0,0,514.34,0,5.8021,43.5624
811,0,1.6279,2.0222,24.7461,15,7.4695,0.0827,0.5484,-4.0002,298.3595,163.2688,2,0,72.6855,121.2156,2,0,8.6383,1.5117,8.003,-0.5922,0,0,482.9198,0,7.0007,39.3822
812,0,1.9703,1.9745,39.5792,12,8.3113,0.0654,0.3478,-3.3977,655.7257,243.7391,4,0,96.7307,181.5545,4,0,7.8949,0.101,7.015,-1.0871,0,0,520.1204,0,5.862,42.0726
815,0,2.0548,1.9421,34.6684,6,5.3465,0.1421,0.2941,-3.6518,254.9162,149.3638,3,0,71.8308,112.92,3,0,6.9867,2.5979,7.0146,-0.1144,0,0,236.6954,0,4.9883,37.4028
816,0,2.0138,1.9408,65.7899,6,6.8208,0.137,0.2778,-3.0379,310.1526,192.5432,4,1,73.4752,126.0636,4,0,7.3229,1.8527,8.0019,0.9137,0,0,291.7994,0,5.3348,37.0844
818,1,2.1892,1.97,39.6218,6,5.4715,0.1311,0.2791,-3.9772,564.6315,169.0853,3,0,80.7918,130.2707,3,0,7.174,3.0331,7.0146,-0.0654,6.9237,0,368.5741,0,5.1544,40.3854
820,0,2.0039,2.0398,-2.8704,9,2.3695,0,0.5,-2.1925,0,80,0,0,40.4407,60.794,0,0,7.3378,0.9665,3.5135,0.3688,18.1991,0,60.5,0,5.909,22.8496
821,0,2.2539,1.9511,28.4862,6,3.0633,0,0.2609,-1.9054,107.7961,93.3043,1,0,46.0314,74.4323,1,0,6.2121,1.7065,7.0083,-0.2741,19.0565,0,126.8333,0,4.2019,25.7184
823,0,3.052,1.9247,95.0814,6,7.2411,0.0874,0.1667,-3.3228,412.1707,211.6914,4,2,76.4216,119.2567,4,0,7.5578,1.7527,8.003,1.8765,0,0,461.537,0,5.8394,39.4118
824,1,3.1683,1.9384,103.2239,6,8.2608,0.0723,0.125,-4.9049,873.2669,244.6574,4,2,94.8896,147.5749,4,0,7.8249,3.3131,8.003,2.1094,13.8475,0,508.8704,0,6.1637,45.3413
