ID,NddsN,nP,TpiPC10,SLogP,BCUTs-1h,NdS,ATS5s,nG12FRing,ZMIC1,Experimental
2,0,0,10.6038,5.7372,2.2735,0,184.5556,1,68.5737,5.95
3,1,0,7.8438,3.8595,8.0019,0,238.5514,0,46.2398,3.35
5,0,0,10.4896,6.2994,2.2791,0,196.6667,1,75.0749,6.22
6,0,0,8.5383,3.2162,7.0083,0,160.7778,1,38.9524,3.14
7,0,0,5.6901,0.7855,7.0083,0,59.6667,0,25.8539,1.46
10,1,1,6.932,3.2711,8.0019,1,200.8652,0,37.3065,3.2
12,0,0,8.079,4.8286,6.0039,0,247.5556,0,47.8611,4.14
13,0,0,2.6391,-0.9762,7.0083,0,0,0,14.25,0.15
15,0,0,8.0591,3.6126,6.0037,0,363.4306,1,38.2872,4.25
16,0,0,10.0447,5.763,2.2738,0,231.7778,1,59.5879,5.37
17,0,0,4.9345,3.6444,1.5913,0,16.5066,0,76.0782,3.04
18,0,0,6.0225,4.0058,6.0028,0,15.243,0,54.3978,3.35
21,0,0,2.6391,-0.5084,7.0083,0,0,0,12.0591,0.7
22,0,0,7.8399,4.4814,3.5097,0,100.2865,1,64.6998,4.08
23,0,0,4.536,-0.6131,4.0053,0,2,0,15.1832,1.25
25,0,0,2.6391,-0.8113,4.0114,1,0,0,17.25,0.85
27,0,0,8.0195,2.558,7.0083,0,144.8333,0,37.0614,2.4
29,0,0,1.9459,-0.0014,6.0027,0,0,0,9.752,0.2
30,0,0,2.6391,0.0909,7.0083,0,0,0,12.4669,0
32,0,0,1.3863,-0.3915,6.003,0,0,0,7.9624,0.44
33,0,0,2.3979,1.9864,1.5312,0,0,0,25.8018,1.6
34,0,0,2.3979,0.3887,6.0027,0,3,0,11.2414,0.48
35,0,0,2.7726,0.7788,6.0027,0,28,0,14.1003,0.5
36,0,0,3.091,1.1689,6.0027,0,46,0,17.3959,0.7
38,0,0,7.8399,4.4814,3.5097,0,100.2865,1,64.6998,4.08
39,0,0,7.8918,5.2059,3.5148,0,189.1667,0,59.2251,4.9
40,0,0,7.8257,6.1879,2.243,0,113.2263,0,68.5218,4.82
42,0,0,1.9459,1.4215,1.5968,0,0,0,21.8221,1.44
43,0,0,2.3979,2.4547,1.4326,0,0,0,49.6795,2.06
44,0,0,2.3979,2.1425,1.5097,0,0,0,37.4824,1.78
45,0,0,2.3979,1.81,2.0187,0,0,0,23.5,1.48
46,0,0,2.9957,0.111,7.0066,0,0,0,23.1073,3
47,0,0,3.5553,1.2648,7.0083,0,3,0,27.7447,0.4
51,0,0,5.0814,2.3218,7.0083,0,125.5,0,20.849,1.4
52,0,0,2.7726,2.0289,1.6048,0,0,0,33.1545,1.89
54,0,0,3.2189,-0.3423,7.0083,0,4,0,13.4544,1.7
55,0,0,8.0924,6.4737,6.0039,0,176.284,0,87.6877,5.33
56,0,0,7.6585,3.4237,6.0039,0,187.8889,0,44.5906,3.07
57,0,0,8.9726,3.6096,7.0094,0,400.3889,0,49.2218,2.96
59,0,0,8.2518,2.9384,2.2575,0,70.3333,1,34.5816,3.59
61,0,0,6.8045,2.04,7.0094,0,299.9167,0,36.9723,1.84
62,0,0,7.0301,3.3122,7.0094,0,349.6944,0,42.9626,3.14
64,0,0,7.0878,5.1608,7.0094,0,404.0833,0,54.6669,4.72
65,0,0,9.0076,3.993,2.2787,0,97.6667,1,47.1784,4.35
66,0,0,9.0076,3.388,3.0392,0,97,1,40.8402,4.64
68,0,0,6.8063,0.9972,7.0094,0,67.3333,0,31.8252,1.56
69,0,0,7.5616,4.0005,7.0094,0,368.5278,0,52.3147,3.72
72,0,0,8.1661,3.2578,2.2689,0,80,1,38.8227,3.7
73,0,0,7.9744,1.8676,7.0083,0,152.1667,0,35.9908,2
74,0,0,7.9744,2.4669,7.0083,0,161.8333,0,36.2738,2.2
75,0,0,5.6199,3.6468,2.2389,0,4.037,0,45,3.33
78,1,0,6.5674,2.3192,8.0079,0,647.1667,0,33.6528,2.11
79,0,0,6.4162,1.083,7.0094,0,290.6667,0,33.9302,1.07
81,0,0,7.6495,3.1482,2.2727,0,68.6667,0,33.4777,3.36
82,0,0,7.9308,3.0496,7.0083,0,223.5556,0,50.3056,2.21
85,0,0,7.4542,2.8398,2.2828,0,40,0,33.3447,2.96
86,0,0,7.4542,2.2348,3.0392,0,36,0,28.7913,3.1
87,0,0,7.6427,3.1482,2.2714,0,57.6667,0,33.4777,3.6
88,0,0,7.2091,2.7113,3.0391,0,168.5093,0,36.1039,2.87
89,0,0,8.0092,3.8248,4.0064,0,96.9012,0,46.0762,4.35
92,0,0,7.7585,2.518,4.0064,0,97.3333,0,41.7784,3.46
93,0,0,7.872,3.5562,7.0083,0,126.1111,0,44.2028,3.22
94,0,0,5.8333,1.4732,7.0083,0,69.6667,0,27.1356,2.1
95,0,0,6.4567,2.5003,7.0083,0,125.6358,0,26.9113,1.3
96,0,0,4.6052,1.4258,7.0083,0,139.4321,0,25.7527,1.3
97,0,0,6.5145,3.1102,7.0083,0,84.9178,0,44.0962,1.99
98,0,0,5.9612,1.8633,7.0083,0,96.6667,0,28.0843,2.3
101,0,0,6.3519,2.1118,7.0083,0,105.7469,0,26.4711,1.73
102,0,0,6.3519,2.4568,7.0083,0,85.1564,0,34.8541,1.66
103,0,0,6.4385,2.892,7.0083,0,149.1914,0,27.4394,2.73
104,0,0,6.9515,0.9579,3.095,0,18,0,27.0618,1.69
105,0,0,6.9515,2.9013,2.2661,0,17.6481,0,27.8779,3.48
108,0,0,5.3841,2.0456,6.0028,0,12.3457,0,25.4666,2.6
114,0,0,5.9101,2.2876,8.0074,0,182.75,0,32.4138,2.36
117,1,0,5.9047,1.177,8.0019,0,121,0,26.75,1.73
118,2,0,6.8951,1.2012,8.003,0,239.6667,0,35.143,1.53
119,1,0,6.0967,2.9016,8.0019,0,64.7737,0,36.3358,2.53
121,0,0,5.8985,1.0904,7.0083,0,69.3333,0,27.25,1.43
122,1,0,5.8985,1.177,8.0019,0,71,0,26.75,1.88
124,0,0,5.5269,2.3296,3.0427,0,32,0,26.103,2.96
125,0,0,5.3462,1.1789,6.0027,0,41.5,0,24.3539,1.1
126,0,0,5.68,0.9533,6.0273,0,21.5,0,18.6356,1.56
127,0,0,5.3462,1.6952,3.5135,0,31.5,0,24.7124,1.54
128,0,0,7.6399,3.5754,3.0675,0,80.9856,0,50.9497,3
129,0,0,6.3703,3.2969,7.0083,0,151.6008,0,30.3673,2.6
131,0,0,7.4141,4.2414,3.5111,0,72.0046,0,46.684,4.23
132,0,0,7.8381,3.4094,2.2493,0,186.2222,0,49.8943,3.96
135,0,0,6.0768,2.255,7.0083,0,123.3333,0,28.5851,1.82
136,0,0,7.6482,4.102,3.2069,0,70,0,44.6059,3.3
138,0,0,5.5349,2.6391,2.2785,0,53.5,0,25.9713,2.87
140,0,0,5.8333,1.645,7.0083,0,81.1667,0,26.6024,1.43
142,1,0,6.472,1.5532,8.0019,0,136.9444,0,28.5062,1.94
145,0,0,4.3438,2.5199,7.0083,0,118.8333,0,26.0365,2.61
146,0,0,4.4998,2.91,7.0083,0,131.0833,0,29.3419,3.02
148,0,0,5.3733,2.3034,2.2406,0,28,0,25.1248,2.41
149,0,0,5.3733,1.7006,6.0028,0,28.6667,0,22.1085,2.7
151,0,0,5.3733,1.5772,4.0052,0,28.3333,0,21.815,1.9
152,0,0,3.1355,0.624,3.5101,0,0,0,16.7843,1
153,0,0,2.3979,1.7762,1.6221,0,0,0,43,1.71
154,0,0,5.3759,2.3034,2.2499,0,35,0,25.1248,2.25
159,0,0,3.989,0.5844,7.0083,0,118.8333,0,18.0856,0.36
160,0,0,5.607,2.009,6.0028,0,76,0,23.5396,2.83
161,0,0,5.607,3.6468,2.1837,0,4.037,0,45,2.85
162,0,0,5.1195,2.4491,2.2783,0,3.0648,0,30.6679,2.49
163,0,0,5.1195,2.34,2.2784,0,3.3457,0,25.2904,2.15
164,0,0,5.1195,1.3922,6.0028,0,12,0,22.8266,1.43
165,0,0,2.7726,2.0253,2.0241,0,10.037,0,16.3873,1.7
166,0,0,4.8338,1.0816,3.0442,0,2,0,17.7626,1.6
167,0,0,3.3673,1.559,6.0027,0,56,0,20.8966,1.01
170,0,0,3.6109,1.9491,6.0027,0,68.25,0,24.5127,1.14
171,0,0,3.6109,0.7954,6.0027,0,64.25,0,21.322,1.83
177,0,0,7.1861,3.6898,7.0067,0,122.915,1,65.8704,4.09
178,0,1,6.932,3.1003,7.0067,1,192.5442,0,38.222,2.52
180,1,0,6.4611,4.2084,8.0019,0,75.6587,0,57.298,4.05
181,0,0,7.1335,6.7212,7.0094,0,453.0833,0,68.049,4.38
182,0,0,6.202,5.607,1.9903,0,5.4326,0,69,3.74
184,0,0,9.4739,4.45,3.0368,0,144.4444,0,57.0737,4.02
185,0,0,9.0206,3.993,2.2783,0,85.6667,1,47.1784,4.31
186,0,0,6.4567,2.8453,7.0083,0,104.8909,0,34.4192,2.23
188,0,0,5.6114,3.6468,2.2102,0,4.1565,0,45,3.1
190,0,1,5.5134,2.1218,7.0094,1,355.0864,0,39.1113,2.36
193,0,0,6.2772,1.3886,3.0677,0,96.8951,0,32.4269,2.1
194,0,0,7.2721,3.4302,2.5268,0,78.3333,0,41.9518,2.78
197,0,0,4.1744,2.1298,7.0083,0,106.6667,0,22.9298,2.06
200,0,0,3.434,3.0682,1.9105,0,0,0,32.8582,2.4
201,0,0,3.7842,0.8069,7.0083,0,3.1481,0,30.8896,0
203,0,0,6.6555,1.2598,7.0094,0,247.25,0,35.3779,1.6
205,0,0,8.5839,3.7903,7.0094,0,382,0,57.8982,3.34
206,0,0,6.4329,2.9135,7.0094,0,162.0525,0,47.3825,2.3
207,0,0,7.2895,3.2585,7.0094,0,143.1975,0,53.4951,3.27
211,0,0,6.5327,2.1656,3.0677,0,137.2798,0,37.1267,2.4
213,0,1,5.3936,1.3959,7.0088,0,185.1389,0,29.1525,1.66
214,0,0,4.0254,2.7293,6.0027,0,92.75,0,31.9398,1.89
216,0,0,5.7652,-0.0508,7.0094,0,316.6667,0,30.9374,2.09
218,0,0,7.1652,2.585,3.0338,0,19.463,0,29.3448,2.25
220,0,0,6.2623,2.4335,7.0083,0,101.142,0,29.7284,1.95
221,0,0,2.3026,-0.4104,2.5217,0,0,0,11,0.78
223,0,0,11.1247,6.3282,2.2664,0,225.1111,1,75.7012,4.61
224,0,0,10.8118,6.2314,2.2691,0,207.5556,1,75.7012,6.2
225,0,0,10.4902,5.6275,2.5562,0,194.4444,1,64.5253,6.03
226,0,0,10.1352,5.6404,2.2733,0,165.5556,1,68.5737,4.34
228,0,0,9.9178,4.5412,3.0341,0,137.4444,1,53.491,4.39
231,0,1,4.6444,3.7277,3.5124,1,86.2469,0,33.4334,2.7
232,0,1,4.7791,3.7702,3.5124,1,110.6967,0,36.5281,3.22
233,0,1,4.6444,3.6512,7.0066,0,85.8457,0,59.6615,2.26
234,0,1,4.7622,1.8891,7.0077,0,92.7917,0,30.9909,1
235,0,0,7.7147,5.2702,2.2124,0,84.2243,1,60.6756,4.69
236,0,0,6.7409,1.5785,7.0094,0,228.0787,0,30.2294,1.6
237,0,0,6.6219,1.1884,7.0094,0,192.7778,0,30.057,2.11
239,0,0,6.2698,1.9192,8.0019,0,123.8333,0,28.2001,1.73
242,0,1,6.9544,3.5847,3.517,1,210.3693,0,37.1603,2.75
243,0,0,5.8579,4.4451,8.0185,0,1555.375,0,81.855,1.83
244,0,0,6.0394,1.7841,8.0019,0,103.8333,0,25.4675,1.57
245,0,0,6.4922,2.6638,8.0074,0,211.0833,0,33.6042,1.75
246,0,0,6.0326,1.7841,8.0019,0,97.7778,0,25.4675,1.48
247,0,0,6.073,5.0804,8.0206,0,1852.9375,0,91.9007,2.89
248,2,0,7.0306,2.104,8.0086,0,343.1667,0,42.0521,2.56
251,0,0,7.7064,3.6123,8.0019,0,143.3333,0,43.3296,3.5
252,0,0,7.8708,3.7924,7.0083,0,337.392,0,50.1267,3.3
254,0,0,6.202,4.5358,4.0052,0,17.7205,0,65.3461,4.62
256,0,0,6.0604,2.2984,7.0083,0,83.6235,0,27.2561,1.58
257,0,0,4.5433,0.7967,2.1421,1,28.0926,0,23.2851,1
258,2,0,6.6812,1.517,8.003,0,216.3333,0,30.9841,2.41
259,0,0,3.989,1.7397,7.0083,0,97.75,0,20.1439,1.97
261,0,0,5.3759,2.9934,2.2463,0,3.6914,0,34.611,2.58
262,1,0,6.5419,1.5532,8.0019,0,186.8333,0,28.5062,1.94
263,0,0,5.6114,2.5756,4.0052,0,15.0617,0,32.7866,2.72
265,0,2,5.4293,5.0053,3.5148,2,134.3946,0,57.5725,4.06
267,0,0,5.6199,2.699,6.0028,0,13.037,0,33.6325,2.66
268,1,0,5.9047,2.3573,8.0019,0,64.7037,0,33.4956,2.41
269,1,0,5.8985,2.3573,8.0019,0,58.7747,0,33.4956,2.42
271,0,0,5.607,2.699,6.0028,0,13.3827,0,33.6325,2.83
272,0,0,5.1195,2.2912,2.2783,0,3.0249,0,36.0453,3.1
273,0,0,2.6391,2.2474,3.0326,0,0,0,43.209,1.64
276,0,0,5.9239,1.4389,7.0083,0,60.7037,0,27.25,1.51
277,1,0,6.4162,0.6937,8.0019,0,286.6667,0,27.1793,1.45
278,2,0,6.9147,1.2012,8.003,0,387.4444,0,35.143,2.3
280,0,0,5.8333,1.0462,7.0083,0,71.6667,0,26.6024,1.68
281,0,0,6.0604,2.4075,7.0083,0,80.8148,0,31.2805,2
282,2,0,6.5269,1.0852,8.003,0,248,0,35.3302,2.55
283,0,0,5.8985,1.0939,7.0083,0,68.6667,0,23.9155,1.78
285,0,0,5.607,2.5756,4.0052,0,16.0741,0,32.7866,2.49
286,0,0,6.9757,3.6966,7.0094,0,301.2964,0,64.7913,3.3
287,0,0,5.8307,4.3002,2.2008,0,4.5022,0,54.6371,3.84
289,0,0,5.8254,4.3002,2.1575,0,4.5022,0,54.6371,3.2
290,0,0,9.5898,2.3714,7.0083,0,286.9444,1,42.4464,2.1
291,0,0,6.8139,1.7856,8.0061,0,471.2593,0,51.9144,1.46
292,0,0,6.0604,1.3163,8.0019,0,172.5,0,26.1457,1.32
293,0,0,6.0326,1.3163,8.0019,0,105.7778,0,26.1457,1.52
294,0,0,3.7842,0.8747,7.0083,0,102,0,18.9691,1.84
295,0,0,5.8254,2.3175,6.0028,0,100,0,26.3022,3.61
296,0,0,6.3362,3.3419,7.0083,0,88.5761,0,33.2352,2.17
297,0,1,7.4138,2.4906,7.0094,1,153.9835,0,41.6439,2.91
298,0,1,6.7021,3.7726,7.0142,1,279.5578,0,47.8883,3
299,0,0,4.4998,2.9815,7.0083,0,157.6852,0,27.0882,2.38
300,0,0,9.1107,4.3014,2.2745,0,130,1,46.2493,4.81
301,0,1,6.5744,5.4203,3.5124,1,103.9463,0,40.8154,4.66
303,1,0,6.45,4.2084,8.0019,0,70.7697,0,57.298,4.23
304,0,0,6.6619,2.2357,3.0676,0,160.537,0,36.0343,2.85
305,0,0,6.4929,3.1408,7.0083,0,188.3333,0,38.6953,2.07
306,0,0,5.8254,3.3524,6.0028,0,13.8479,0,43.771,3.61
307,0,0,7.7696,3.4022,2.271,0,76.8333,0,34.786,3.76
309,0,1,6.4968,4.6401,3.5155,1,70.9278,0,39.801,4.67
310,0,0,7.5763,2.9067,7.0083,0,255.3333,0,49.0177,2.32
311,0,0,7.1861,3.6898,7.0067,0,122.915,1,65.8704,4.13
312,0,0,5.9612,1.4379,7.0083,0,92.1667,0,27.4689,1.29
313,0,0,6.4277,1.4571,3.0676,0,119.4074,0,32.382,2.3
314,0,0,7.3982,4.4527,3.5097,0,68.9893,0,72.1335,4.02
315,0,0,4.6444,3.3716,7.0083,0,161.6296,0,29.4614,2.8
316,0,0,7.7655,3.4022,2.2722,0,94.1667,0,34.786,3.78
318,0,0,9.6459,2.2765,7.0094,0,312.2222,1,38.6822,3.46
320,0,0,6.1228,2.8651,6.0273,0,29.1914,0,34.7711,2.5
321,0,0,9.1618,3.4853,6.0027,0,192.8333,1,46.9326,3.61
322,0,0,6.3186,1.8809,6.0028,0,62.8333,0,24.2586,3.4
323,0,0,6.201,3.0352,7.0083,0,149.9167,0,31.2523,2.26
324,2,0,7.5541,4.1482,8.0086,0,499.3333,0,43.9097,4.2
326,0,0,6.5509,1.1323,3.5138,0,153.5,0,32.1722,2.64
327,0,0,3.091,0.1204,2.6094,0,31,0,18.7996,1.18
328,0,0,5.1533,0.4853,7.0088,0,126.2618,0,24.7225,0.56
329,0,0,5.3845,0.1514,7.0146,0,150.5818,0,27.2932,0.42
331,0,0,6.1124,2.0866,7.0083,0,64.9837,0,32.3042,1.56
333,0,0,6.2005,4.8411,8.0206,0,1950.5278,0,97.9815,2.35
334,1,0,7.8656,4.6939,8.0019,0,129.4938,0,48.9772,4
335,0,0,7.1442,3.8734,7.0094,0,142.0168,0,62.9509,3.7
336,2,0,7.5461,4.1482,8.0086,0,500.1667,0,43.9097,4.03
337,0,0,6.9549,4.0436,6.0285,0,74.6874,0,62.7475,3.26
338,0,0,6.6456,2.1915,3.0675,0,174.677,0,36.0618,2.91
339,0,0,6.5235,1.803,3.0675,0,154.4012,0,35.3207,2.76
340,0,0,6.4632,2.7002,7.0083,0,126.7121,0,32.7298,1.5
341,0,0,6.1293,2.6276,4.0052,1,38.9259,0,36.2592,2.26
342,0,0,6.2799,2.6668,7.0083,0,202.1111,0,33.1489,2.42
346,0,0,6.0326,1.9397,7.0083,0,88.4398,0,32.1689,2.06
347,0,0,7.8487,4.2258,7.0083,0,173.4599,0,45.2072,3.55
348,0,0,6.5636,3.3868,7.0083,0,223.8889,0,36.6534,2.31
353,2,0,7.3233,3.3437,8.0086,0,405.125,0,40.2209,3.61
354,1,1,7.7311,3.6451,8.0019,1,221.3066,0,48.4019,3.12
356,0,0,6.1602,2.5183,7.0083,0,91.9342,0,28.2807,2.15
357,0,0,6.2226,2.9518,7.0083,0,79.4095,0,33.4196,2.34
358,0,0,7.6513,1.5305,7.0094,0,271.5,0,37.5062,2.14
360,0,0,7.4748,7.7256,1.9654,0,61.4827,0,109.4843,4.52
362,0,0,5.2679,4.8439,7.0083,0,208.1523,0,44.9219,3.35
363,0,0,6.5962,4.0231,7.0083,0,175.6008,0,29.9645,2.76
365,0,0,6.2226,2.484,7.0083,0,86.7428,0,34.4182,2.53
366,0,0,8.2335,6.223,1.6057,0,28.4586,0,126.5522,6
367,0,0,6.5639,3.5209,7.0094,0,174.1512,0,55.8083,3.32
368,0,0,9.2328,2.5746,7.0083,0,77.7099,1,37.6788,3.36
369,0,1,5.2204,2.4518,7.0142,1,112.3723,0,37.8847,3.22
371,0,1,6.7454,3.5413,7.0083,1,283.8194,0,40.0265,3
372,0,0,5.9612,1.8649,7.0083,0,94.1667,0,27.8077,1.73
373,0,0,6.6264,2.8366,7.0083,0,173.3889,0,28.0242,2.48
375,0,0,6.1855,3.361,6.0028,0,59.858,0,43.3684,2.8
376,0,0,6.1663,3.0106,3.5148,0,67.1843,0,36.3458,3.1
378,0,0,6.0394,1.9397,7.0083,0,85.7377,0,32.1689,2.12
379,0,0,6.3626,2.4742,7.0083,0,141.2731,0,32.6417,2.1
380,0,0,7.9494,1.7805,7.0105,0,721.8056,1,52.6955,2.15
381,0,0,6.617,0.3135,7.0146,0,164.4352,0,31.7138,1.6
384,0,0,6.7606,4.4147,7.0083,0,209.0514,0,41.8305,3.7
385,0,0,6.0225,3.8824,4.0052,0,17.0044,0,53.7488,3.94
386,0,0,7.6936,2.8459,6.0027,0,110.1667,0,41.1586,2.54
387,0,0,6.5971,2.9183,7.0083,0,193.6667,0,29.2427,1.71
390,0,0,6.7916,2.6242,3.0677,0,177.358,0,39.9327,3.07
391,0,0,5.9047,1.4332,7.0083,0,64.1728,0,26.046,1.37
392,0,0,7.7655,2.3321,6.0027,0,112.8333,0,34.417,2.17
393,0,0,6.0225,4.0058,6.0028,0,15.5886,0,54.3978,4.12
394,0,0,6.5704,1.8992,6.0028,0,194.8333,0,26.5589,1.95
395,0,0,7.1551,1.3016,7.0146,0,252.713,0,35.4394,1.98
397,0,0,7.7563,6.5289,3.5111,0,68.2809,0,98.4669,5.96
399,0,0,6.7409,1.2534,7.0094,0,254.4938,0,29.005,1.66
400,0,0,6.5235,2.1672,3.0677,0,137.8503,0,35.9831,2.32
405,0,0,6.9336,1.4502,7.0083,0,174.1667,0,31.6339,1.6
406,0,0,7.8544,5.3138,2.2391,0,75.0165,0,56.5774,4.63
407,0,0,6.2653,3.5703,3.5137,0,58.7103,0,42.5587,3.48
409,0,0,6.4204,1.7887,7.0083,0,131.8611,0,28.6727,1.4
410,0,0,9.5618,1.7369,7.0094,0,339.8889,1,40.6562,2.8
411,0,0,6.4101,2.3622,7.0083,0,116.9899,0,31.9841,2.74
412,0,0,6.6699,2.2341,3.0676,0,160.0247,0,37.1072,2.85
413,0,1,5.2627,1.4807,7.0088,0,171.1065,0,29.7094,1.64
414,0,0,6.2066,5.6627,1.6376,0,118.4595,0,89.4447,5
415,0,0,5.6454,1.1323,4.0033,4,115.0679,0,74.0388,5.7
416,0,0,3.091,1.9777,2.2144,0,0,0,20.2439,1.51
417,0,1,3.5553,1.0626,7.0066,0,24,0,21.1381,0.7
418,0,1,5.124,3.5218,7.0067,1,158.1111,0,39.5027,2.18
419,0,0,5.0752,1.1279,2.5247,2,26.2469,0,46.9539,3
420,0,0,7.7833,2.1311,6.0026,0,245.9583,0,33.3404,2.08
421,0,0,7.6622,4.6604,2.2685,0,77.6257,0,47.96,3.92
423,0,0,6.3062,1.9705,7.0083,0,130.1667,0,30.0867,1.74
425,0,1,4.6444,4.4174,7.0066,0,148.9444,0,34.0284,1.85
427,0,0,6.5351,3.1276,7.0083,0,139.5406,0,32.778,2.7
428,0,0,7.5535,3.7842,7.0094,0,275,0,47.069,3.38
429,0,1,7.1306,2.7664,7.0142,1,217.8328,0,40.217,2.17
430,0,0,8.136,3.4755,7.0083,0,277.9444,0,44.1731,2.76
433,0,0,6.9356,2.9871,7.0083,0,280.2202,0,32.6144,2.28
434,0,0,4.5326,1.0388,7.0083,0,66.9907,0,21.305,1.3
435,0,0,8.2981,2.5724,7.0094,0,275.25,0,33.6904,2.71
437,0,0,7.8371,2.0719,7.0083,0,107.2593,0,30.6326,2.8
439,0,0,6.5301,3.5309,7.0083,0,211.3333,0,41.958,2.37
440,0,0,6.5864,2.4421,7.0083,0,131.1656,0,28.6426,1.72
442,0,0,6.4874,2.0999,7.0083,0,121.999,0,26.6738,1.84
443,0,0,6.5894,0.3715,7.0083,0,198.6435,0,28.5275,1.71
445,0,1,7.667,5.4161,3.5144,1,143.1429,0,54.3201,4.5
446,0,0,6.3362,2.3997,7.0083,0,102.8786,0,25.8005,2.1
447,0,1,6.9164,4.2383,7.0066,0,304.3899,0,33.8714,2.51
448,0,1,7.0636,5.6015,7.0066,0,163.9383,0,56.6702,2.95
449,0,0,6.8733,1.2198,7.0083,0,185.5,0,33.6438,1.9
450,0,0,5.2781,0.1071,7.0094,0,135.713,0,29.3572,1
451,0,0,7.0566,4.1574,7.0083,0,312.4702,0,36.7364,2.86
452,0,0,7.1454,1.7922,7.0094,2,198.1296,0,49.664,3.25
453,0,0,6.7824,3.135,7.0083,0,182.2593,0,34.6989,2.31
454,0,0,7.1627,2.8403,7.0083,0,148.5,0,33.0681,2.48
455,0,0,7.4291,1.2075,7.0146,0,304.463,0,33.1607,1.52
457,0,1,7.1617,3.8896,7.0083,1,300.5509,0,41.8785,2.78
458,0,0,7.6385,2.0576,7.0142,0,265.5193,0,35.609,2.53
460,2,0,7.2866,3.0954,8.003,0,390.3909,0,43.3003,3.94
461,0,0,6.1633,1.4886,7.0099,0,277.8889,0,76.9905,2.3
462,0,1,5.2781,1.4807,7.0088,0,117.2083,0,29.7094,2.3
463,0,0,7.8156,1.1219,7.0094,0,711.9722,1,46.1703,1.01
465,0,0,7.1383,6.433,7.0094,0,455.4167,0,59.4484,3.21
467,0,0,7.7118,0.9935,7.0115,0,806.6944,0,53.2074,1.39
468,2,0,7.5411,2.9502,8.0086,0,570.6667,0,43.7748,3.63
469,2,0,7.6502,3.7304,8.0086,0,593.3333,0,44.893,4.11
470,1,0,6.0967,3.0107,8.0019,0,64.3056,0,35.2925,2.6
471,0,0,8.2367,0.8388,7.0083,0,384.0139,1,32.193,2.58
472,0,1,4.3175,1.24,7.0088,0,97.4444,0,23.466,0.3
474,0,1,7.1401,3.2538,7.0077,0,350.3004,0,34.544,1.57
476,0,0,7.9559,5.9672,2.2196,0,75.2306,0,66.3847,4.86
478,0,0,7.871,4.8719,3.0482,0,197.3333,0,49.4932,3
479,0,0,6.4471,1.8282,7.0083,0,176.5,0,30.2771,1.54
480,2,0,7.5541,3.977,8.0086,0,485.3621,0,43.6274,3.55
482,0,0,8.1311,7.274,2.1655,0,79.087,0,86.8429,6.08
483,0,0,6.2908,1.6112,7.0083,0,147.8611,0,30.1715,1.83
484,0,0,6.8664,3.1232,7.0083,0,271.4702,0,31.5887,2.32
486,0,0,8.1816,7.274,2.1613,0,75.6795,0,86.8429,5.58
487,0,0,8.1823,7.274,2.2031,0,75.56,0,86.8429,5.93
488,0,1,6.7412,5.1915,3.5127,1,149.6152,0,36.5581,4.08
489,0,0,7.4426,4.1338,3.5097,0,178.2078,0,35.217,3.73
490,0,0,7.9181,5.9672,2.2178,0,76.9717,0,66.3847,5.12
491,0,0,8.3863,8.5808,2.1387,0,75.0087,0,105.8261,6.41
492,0,0,7.5526,3.3714,7.0083,0,426.5,1,41.6203,2.87
495,0,0,7.8076,5.3138,2.2626,0,76.9796,0,56.5774,4.84
496,0,0,8.0513,6.6206,2.2117,0,76.3256,0,76.6434,5.22
497,0,0,8.1741,3.0893,8.0074,0,402.1281,0,59.2077,3.08
498,0,0,8.0177,6.6206,2.2134,0,77.9471,0,76.6434,5.55
500,0,0,8.1158,7.274,2.206,0,79.0421,0,86.8429,6.01
502,0,0,6.761,1.8368,7.0083,0,202.8333,0,29.1041,1.83
503,2,0,7.706,4.8875,8.003,0,444.1944,0,46.6601,2.74
504,2,0,7.3075,3.7203,8.003,0,435.0556,0,37.5045,3.7
505,0,1,6.76,5.7691,7.0066,0,203.0877,0,37.7732,3.03
506,0,0,7.908,0.3275,7.0083,0,161.6667,0,31.6781,2.17
507,0,0,8.052,6.6206,2.24,0,76.2061,0,76.6434,5.69
511,0,0,7.4406,3.1243,7.0083,0,256.7654,0,35.3353,2.71
514,0,0,7.9437,4.726,7.0083,0,196.6327,0,51.2106,4.2
515,0,0,6.9075,2.1821,7.0083,0,140.3241,0,34.4891,2.04
516,0,0,8.1133,6.178,7.0083,0,396.9563,0,55.7127,5
518,0,0,6.7192,4.1206,7.0083,0,223.1409,0,42.4416,3
519,0,0,7.2768,2.5233,8.0074,0,332.2577,0,40.1226,2.3
523,0,0,6.5145,2.5052,7.0083,0,93.2512,0,41.4979,1.67
525,0,1,6.7218,4.1979,3.519,1,114.7553,0,39.2693,3.7
526,0,0,6.1892,3.361,6.0028,0,61.5494,0,43.3684,2.8
527,0,0,5.3375,-0.6419,7.0094,0,181.9167,0,24.5051,2.09
528,0,0,6.7056,4.9792,3.5099,0,86.6574,0,50.9208,3.75
530,0,0,5.9322,3.0792,7.0094,0,241.1605,0,44.8396,2.54
531,0,0,8.9758,4.7381,8.0074,0,363.6111,0,57.2212,2.85
532,0,0,8.447,4.0676,6.0026,0,277.1944,0,54.2969,2.78
533,0,0,7.8616,7.2914,3.5111,0,67.2357,0,120.118,6.41
534,2,0,8.2536,5.3408,8.0093,0,545.107,0,50.5315,4
535,0,0,6.2378,3.4253,7.0083,0,165.0833,0,33.7339,2.61
536,0,1,8.1221,8.6246,7.0066,0,435.8035,0,83.551,4.06
537,0,0,7.5847,1.3524,7.0146,0,276.4805,0,39.5249,2.19
538,0,0,6.3319,-0.3897,4.0065,0,101,0,30.9569,2.3
539,0,0,8.6957,4.6039,7.0083,0,256.5298,0,48.8637,3.98
540,0,0,8.1038,7.461,7.0083,0,410.1157,0,88.5401,5
541,0,0,8.6821,6.3818,8.0105,0,403.0833,0,78.3957,5.86
544,0,0,7.9665,8.0539,3.5111,0,66.1905,0,141.9463,6.54
548,0,0,6.7885,2.0299,7.0083,0,87.358,0,29.4169,1.8
553,0,0,8.696,3.9074,3.1824,0,147.1728,0,55.5692,4.66
554,0,0,7.7087,1.302,7.015,0,538.3148,0,40.5987,1.8
555,0,0,7.8044,0.4856,7.015,0,514.5556,0,42.662,1.54
556,0,0,8.8046,3.9274,7.0083,0,225.7006,0,45.0515,2.71
558,1,0,8.4523,5.1677,8.0079,0,652.3164,0,50.44,4
559,0,0,6.6005,3.1594,7.0083,0,140.7731,0,31.799,2.53
560,0,0,6.2226,1.6247,8.0019,0,122.2778,0,23.587,1.75
562,0,0,7.4191,4.9807,7.0094,0,308.8498,0,44.0913,3.79
563,0,0,8.0519,5.0033,8.0074,0,314.8194,0,47.7802,3.76
564,0,0,7.6553,0.5471,7.015,0,431.4043,0,39.45,1.45
565,0,0,7.8486,6.2345,6.0028,0,95.3889,0,97.1546,4.2
566,0,0,6.6156,1.9673,8.0019,0,185,0,28.5772,1.68
568,0,0,7.6676,1.0709,7.0094,0,320.25,0,30.2358,2
569,0,0,7.8957,1.6333,7.0094,0,358.75,0,32.7276,0.85
570,0,0,7.843,2.0727,7.0094,0,343.4167,0,34.4716,1.54
571,0,0,6.8719,2.64,7.0083,0,119.3817,0,31.6919,2.44
573,0,0,8.218,6.6624,8.0074,0,423.2767,0,54.2598,5.35
574,0,0,7.7859,0.9319,7.015,0,427.9213,0,47.2045,2.5
575,0,0,8.0179,1.9764,8.0067,0,637.7222,0,54.5401,1.08
576,0,0,7.0927,4.2478,3.5108,0,247.4167,0,39.7717,2.6
578,0,0,8.17,6.544,8.0074,0,482.3184,0,56.797,5.26
581,0,0,8.13,4.5602,8.0074,0,313.2361,0,37.4582,3.15
586,0,0,7.9461,0.1928,7.0169,0,630.9475,0,45.9664,1.71
587,0,0,8.0951,1.4841,8.0074,0,758.4722,0,47.5299,1.84
588,0,0,8.321,2.8749,8.0046,0,252.9167,0,36.3239,2.33
589,0,0,8.1345,1.0005,8.0074,0,589.1708,0,51.1948,1.46
590,0,0,6.9403,1.8644,7.0146,0,223.1111,0,34.339,2.14
591,0,0,6.9867,2.2529,7.0146,0,247.9074,0,35.8181,2.39
593,0,0,7.032,2.988,7.0146,0,263.1305,0,39.3914,2.54
594,0,0,6.8926,1.9284,7.0146,0,193.5673,0,38.9982,2.18
596,1,0,7.427,2.2428,8.0019,0,352.1327,0,39.0997,2.59
597,0,0,7.009,2.3185,7.0146,0,254.9006,0,40.7879,2.39
598,0,0,7.0899,2.7086,7.0146,0,316.234,0,43.0431,2.6
599,0,0,7.009,2.2094,7.0146,0,254.9917,0,37.9113,2.07
600,0,0,7.0966,2.643,7.0146,0,308.2407,0,37.9046,2.55
601,0,0,7.0533,2.2545,7.0146,0,283.6944,0,36.4917,2.26
602,0,0,6.8567,1.556,7.0146,0,259.963,0,38.422,1.91
605,0,0,7.9489,8.0539,3.5111,0,65.6277,0,141.9463,6.5
606,0,0,8.0484,8.8164,3.5111,0,64.5825,0,163.2063,6.96
607,0,0,7.5114,2.3005,3.1758,0,102.75,0,25.1339,2.16
608,0,0,7.1628,1.097,8.0019,0,23.5,0,23.3265,1.87
609,0,0,7.1628,1.6113,3.1758,0,16.8457,0,25.5021,1.98
610,0,0,7.3549,2.2647,3.1758,0,19.2654,0,33.3095,2.33
611,0,0,6.3464,2.2675,7.0083,0,141.1111,0,27.6824,1.94
612,0,0,6.475,2.4416,7.0083,0,162.4861,0,30.2526,2.07
614,0,0,6.0394,1.9066,7.0083,0,82.6728,0,32.7525,1.89
615,2,0,7.4158,0.9725,8.003,0,398.3704,0,39.3144,2.13
616,2,0,7.5902,1.7527,8.003,0,423.3704,0,40.4684,2.33
617,2,0,7.6584,2.1428,8.003,0,438.2037,0,42.2829,2.47
618,2,0,7.767,2.923,8.003,0,460.537,0,43.5908,2.86
619,0,0,6.2008,1.6536,7.0083,0,111.8611,0,25.9435,1.4
621,0,0,2.7726,2.5529,1.5248,0,0,0,20.2992,1.85
622,0,0,9.9178,5.1462,2.2781,0,141.1111,1,61.1347,5.3
623,0,0,7.0622,5.6828,1.9072,0,61.3795,0,80.7897,4.78
624,0,0,7.7683,3.6842,4.0052,0,85.3333,0,43.6974,2.79
626,0,0,2.6391,0.2924,4.0052,1,0,0,14.8769,0.78
628,0,0,5.6901,1.3848,7.0083,0,61.6667,0,26.0446,1.5
632,0,0,2.4849,1.0181,2.5693,2,0,0,15.6491,2.34
634,1,0,3.5553,1.5908,8.0019,0,0,0,38.3485,1.79
635,0,0,2.7726,1.8525,2.0188,0,0,0,23.7265,1.67
636,0,0,3.091,2.5938,1.5536,0,0,0,41,1.9
637,0,0,8.6236,2.3526,7.0094,0,314.1111,1,42.3984,3.9
638,0,0,8.4259,2.462,7.0094,0,228.3333,1,48.2907,3.57
639,0,0,7.0001,3.6004,7.0094,0,351.25,0,42.9626,3.14
640,0,0,6.3559,6.0615,2.0273,0,35.439,0,111.9697,4.92
641,0,0,7.1578,3.1436,7.0104,0,464.0278,0,48.6263,3.7
643,0,0,4.6728,4.7574,1.9537,0,7.2434,0,56.2475,4.73
644,2,0,7.0306,2.7221,8.003,0,297.5,0,32.5926,2.7
646,0,0,5.0876,3.3668,1.6964,0,80.5,0,35.426,3.67
647,0,0,5.8392,2.5328,2.2798,0,112,0,30.493,2.08
648,0,0,7.4176,3.3536,2.2874,0,75.3333,0,39.9672,3.27
649,0,0,7.9838,3.0424,7.0083,0,101,0,37.5766,2.93
650,0,0,6.6141,3.4987,7.0083,0,104.2615,0,43.1701,1.75
652,0,0,7.8721,2.6614,4.0065,0,115.6667,0,40.845,2.32
653,0,0,5.3841,2.3034,2.2632,0,38,0,25.1248,2.25
654,0,0,5.6114,2.5756,4.0052,0,15.7531,0,32.7866,2.29
655,0,0,5.8238,3.3524,6.0028,0,14.8973,0,43.771,3.36
656,0,0,5.5349,1.7399,6.0026,0,63.3333,0,25.669,1.5
657,1,0,6.2759,2.4838,8.0019,0,82.0617,0,35.25,3
658,0,0,5.8985,1.6932,7.0083,0,70,0,24.2924,1.77
660,0,0,5.3462,1.7283,2.5358,0,34.5,0,24.3083,2.28
661,0,0,6.631,3.1307,7.0083,0,138.5854,0,33.381,3.06
662,0,0,7.5623,2.4418,4.0064,0,105.5556,0,41.9272,1.99
663,0,0,5.743,6.066,7.0094,0,386.2778,0,60.1757,4.19
665,0,0,6.0326,1.9534,7.0083,0,93.7778,0,26.2538,1.45
667,0,0,5.3733,2.1547,6.0028,0,12.0556,0,30.5903,2.41
668,0,0,5.3733,1.9222,4.0052,0,14.716,0,25.0513,1.96
669,0,0,2.3979,1.464,1.6418,0,0,0,25,1.52
674,0,0,3.3673,1.4806,3.51,0,23.4198,0,28.433,1.88
677,0,0,7.7905,5.5995,6.0026,0,181.1975,0,64.9204,3.7
678,0,0,7.5469,2.7548,7.0094,0,136.1235,0,43.7922,3.98
679,0,0,7.3808,2.9176,7.0083,0,124.6667,0,43.098,2.63
681,0,0,5.5349,1.7526,2.2806,0,56,0,27.4221,2.26
682,1,0,6.4892,1.5532,8.0019,0,163.1111,0,28.5062,1.94
684,0,0,2.3979,2.2986,1.4815,0,0,0,48.1592,1.92
685,0,0,10.4048,5.2626,7.0094,0,363.5556,1,80.783,4.28
686,0,0,8.8296,4.0545,2.2707,0,62.2963,1,40.8032,4.05
687,0,0,6.2891,2.2738,7.0083,0,118.675,0,32.6188,1.48
688,0,0,4.7622,2.0583,2.1718,2,22.284,0,48.06,2.6
690,0,0,8.4534,2.6864,3.0402,0,65.142,0,32.4742,3.24
691,0,0,5.5835,1.4008,6.0028,0,52,0,24.9664,1.5
692,0,0,11.0604,6.8904,2.2774,0,244.5556,1,82.4228,5.71
693,0,0,9.4379,4.4872,2.2699,0,123,1,54.6885,4.8
695,0,1,4.7791,3.0536,3.5167,1,139.2152,0,37.7083,2.59
697,0,0,6.7685,2.0876,7.0083,0,219.7778,0,29.844,2.48
699,0,0,6.25,5.7157,8.0226,0,2150.5,0,101.9725,2.87
700,0,0,7.4176,2.1436,3.0419,0,70.3333,0,35.6127,1.6
701,0,0,9.114,2.8712,7.0083,0,206.2222,0,46.5583,3.29
703,0,0,7.9701,2.8165,6.0039,0,166.0556,0,42.92,2.78
704,0,0,6.0394,1.9534,7.0083,0,98.3333,0,26.2538,1.45
705,0,0,3.091,1.9777,2.2144,0,0,0,20.2439,1.82
706,0,0,2.9957,0.719,3.083,1,0,0,15.6084,0.97
707,1,0,5.9239,2.3573,8.0019,0,63.7315,0,33.4956,2.41
710,0,0,5.8254,3.3524,6.0028,0,15.1235,0,43.771,3.56
711,0,0,5.9612,1.3884,7.0083,0,87.6667,0,29.317,1.6
712,2,0,7.0872,1.6797,8.003,0,271,0,34.368,2.74
714,0,0,5.8307,3.229,4.0052,0,16.0988,0,42.8119,2.6
715,1,0,6.3685,0.6937,8.0019,0,137,0,27.1793,1.95
716,0,0,6.4277,0.7438,3.5138,0,133.6667,0,31.0419,2.34
717,0,0,9.2567,3.6912,7.0083,0,254.3333,1,50.8511,2.74
718,0,0,6.0394,1.3163,8.0019,0,111.1667,0,26.1457,1.77
719,0,0,8.8123,4.9608,6.0028,0,164.7778,0,52.9322,3.58
720,0,1,4.4998,2.8736,7.0066,0,93.6343,0,31.9369,1.49
721,0,1,6.5304,1.5214,7.0083,1,115.8883,0,36.1435,1.53
722,0,1,7.0636,5.6015,7.0066,0,163.9383,0,56.6702,3.07
723,0,0,5.1874,3.5141,7.0083,0,198.2315,0,32.2091,2.54
724,0,0,3.7842,-0.216,3.5115,0,4,0,20.2331,0.4
725,0,0,7.2151,2.1183,7.0083,0,183.1667,0,28.7126,1.75
726,0,0,6.6699,1.5208,3.5138,0,173.3333,0,35.9348,2.6
727,0,0,7.056,5.3492,7.0083,0,195.7037,0,49.7778,4
729,1,0,7.9506,5.3473,8.0019,0,129.2222,0,56.4523,3.9
731,0,0,6.45,2.3222,7.0083,0,111.9178,0,42.0938,1.3
733,0,0,6.0394,1.8306,7.0083,0,86.7675,0,27.999,2.01
734,0,0,6.62,1.7792,7.0083,0,176.7778,0,28.825,2
735,0,0,6.4003,6.351,8.0246,0,2448.0625,0,112.0625,3.3
736,0,0,8.3216,8.5808,2.1289,0,78.1494,0,105.8261,6.36
737,0,0,6.7003,2.7989,8.0074,0,231.0833,0,35.4454,1.9
739,0,0,7.2668,3.9192,7.0067,0,336.4594,0,43.5703,3.6
740,0,0,6.613,1.3765,7.0083,0,88,0,29.3599,1.8
741,0,0,5.7932,2.7635,3.5107,0,45.6157,0,41.4687,3
742,0,0,9.9906,4.7284,4.0052,0,195.7778,1,59.6097,5.21
743,0,0,6.502,2.3301,7.0083,0,162.1111,0,29.271,2.6
744,0,1,6.6889,4.0848,3.5169,1,167.6337,0,37.6054,3.18
745,0,0,6.3022,2.3972,7.0083,0,94.3294,0,35.75,2.3
747,0,0,6.9593,3.7888,7.0083,0,141.7037,0,43.6584,3.03
748,2,0,7.6999,2.5329,8.003,0,445.7037,0,41.7931,2.92
749,0,0,6.8632,2.62,7.0083,0,174.6759,0,32.505,2.41
750,0,0,6.1506,2.6451,7.0083,0,136.5,0,29.3394,2.06
753,0,0,6.3792,2.307,7.0083,0,111.1656,0,26.2276,1.95
755,0,1,6.8306,3.6121,7.0088,0,292.2176,0,41.1874,2
756,0,0,10.0581,3.0064,7.0083,0,319.1389,1,44.4542,2.07
757,0,0,7.731,1.7412,7.0083,0,104,0,28.7647,2.35
759,0,1,5.7268,2.7426,7.0088,0,267.2438,0,33.4626,0.85
761,0,0,7.347,3.5435,7.0083,0,139.5913,0,50.1901,2.82
763,0,0,6.3362,2.7116,7.0083,0,84.5761,0,34.21,2.74
764,0,0,8.3975,4.217,7.0083,0,258.1965,0,42.5217,3.51
766,0,0,6.7926,1.6709,6.0273,0,157.517,0,34.531,2.28
767,0,0,7.2151,1.9121,7.0083,0,175.5,0,32.4054,2.75
768,0,1,7.1375,3.3075,3.517,1,264.9105,0,39.0097,2.48
769,0,0,6.6156,2.4816,7.0083,0,173.9095,0,29.9861,1.9
770,0,1,6.5239,4.8779,7.0066,0,243.8519,0,42.8874,2.26
771,2,0,7.6886,4.1482,8.0086,0,500.6111,0,44.762,4.01
772,0,0,8.353,2.9464,8.0074,0,279.7809,0,38.9015,3.28
773,0,0,6.4968,4.035,7.0083,0,152.6173,0,34.1177,3.27
774,0,1,7.0129,2.5273,3.5191,1,216.7994,0,34.543,3
775,0,0,6.0013,3.0504,3.5136,0,29.5825,0,40.1462,2.96
776,0,0,6.6042,4.5123,7.0083,0,232.2099,0,45.3209,2.7
777,0,0,6.0394,1.4525,7.0083,0,104.6667,0,25.0553,1.48
778,2,0,7.472,4.2528,8.003,0,439,0,42.0014,4
779,0,1,8.3472,7.4272,7.0066,0,533.25,0,87.5598,3.68
780,0,0,7.3988,3.5801,8.003,0,246.5864,0,47.8406,3.83
781,0,0,8.1437,7.274,2.169,0,76.3009,0,86.8429,6.48
782,0,0,7.4621,2.88,7.0104,0,310.0514,0,42.189,2.85
783,0,0,4.7449,1.9907,7.0083,0,140.8642,0,32.1854,1.6
784,0,0,8.1829,7.274,2.2099,0,75.4405,0,86.8429,5.66
786,0,0,7.6582,5.7664,3.5111,0,70,0,77.9894,5.51
787,0,1,6.5888,3.1887,3.517,1,177.9401,0,37.7148,2.01
788,0,0,7.3721,3.4213,7.0094,0,224.3292,0,37.5725,2.7
790,0,0,8.2381,7.9274,2.2108,0,77.0296,0,96.6367,5.95
791,0,0,7.3927,2.9161,6.0026,0,270.0988,0,35.0243,2.7
792,0,0,6.2908,2.0656,7.0083,0,160.8333,0,27.2301,2.47
793,0,0,7.0114,1.8443,7.0094,0,435.75,0,33.945,1.57
794,0,0,8.1311,7.9286,2.1643,0,69.8254,0,142.0545,4.87
795,0,0,7.7637,3.6534,3.5151,0,256.8899,0,38.9155,3.39
796,0,0,8.0516,5.269,7.0083,0,434.9167,0,54.1112,3.7
798,0,0,7.1778,4.6024,7.0083,0,241.1821,0,43.9995,2.7
799,0,0,6.0071,1.0163,4.0065,0,74.679,0,27.678,2.08
800,0,0,7.5526,3.3714,7.0083,0,426.5,1,41.6203,2.81
801,0,0,7.5082,2.7984,7.0104,0,325.9126,0,43.6259,3.06
802,0,0,7.7578,1.3904,7.015,0,503.3889,0,41.2704,1.62
803,0,0,8.2157,2.4924,8.003,0,364.1111,0,46.8211,1.88
806,0,0,6.6156,2.5907,7.0083,0,173.4414,0,33.156,2.01
809,0,0,8.2447,1.9885,8.003,0,267.9784,0,47.8466,3.22
810,0,0,7.8329,1.8257,7.015,0,514.34,0,43.5624,2.04
811,0,0,8.6383,1.5117,8.003,0,482.9198,0,39.3822,1.45
812,0,0,7.8949,0.101,7.015,0,520.1204,0,42.0726,1.48
815,0,0,6.9867,2.5979,7.0146,0,236.6954,0,37.4028,2.37
816,1,0,7.3229,1.8527,8.0019,0,291.7994,0,37.0844,2.42
818,0,0,7.174,3.0331,7.0146,0,368.5741,0,40.3854,2.62
820,0,0,7.3378,0.9665,3.5135,0,60.5,0,22.8496,1.8
821,0,0,6.2121,1.7065,7.0083,0,126.8333,0,25.7184,1.66
823,2,0,7.5578,1.7527,8.003,0,461.537,0,39.4118,2.35
824,2,0,7.8249,3.3131,8.003,0,508.8704,0,45.3413,3.07
